,pj_alias,status,pj_github_url,corrected_pj_github_url,correct_url_found,prs_found,frequency,dimensionality,ratio_of_duplicate_prs,total_prs(not a mteric),duplicate_prs(not a metric),cntr_management,additive_contribution_index,logic_coupling_index,has_hard_fork,total_forks (not a metric),total_hard_forks (not a metric),pre_communication
0,amaterasu,0,https://github.com/apache/incubator-Amaterasu,https://github.com/apache/incubator-retired-amaterasu,TRUE,TRUE,2.583333333,20.10632151,0,58,0,0.01612903226,0.066088195,0.004108801351,TRUE,26,2,0.1129032258
1,annotator,0,https://github.com/apache/incubator-Annotator,https://github.com/apache/incubator-Annotator,TRUE,TRUE,1.018867925,54.38602849,0,52,0,0.3703703704,0.06922536376,0.02124516944,FALSE,37,0,0.2222222222
2,batchee,0,https://github.com/apache/incubator-BatchEE,https://github.com/apache/incubator-BatchEE,TRUE,TRUE,0.1363636364,32.74145821,0,3,0,0.2222222222,0.1443252166,0.0009451700702,FALSE,18,0,0
3,brpc,0,https://github.com/apache/incubator-BRPC,https://github.com/apache/incubator-BRPC,TRUE,TRUE,9.612244898,27.89961977,0,403,0,0.09894736842,0.04806761598,0.003178360101,TRUE,3096,18,0.04
4,crail,0,https://github.com/apache/incubator-Crail,https://github.com/apache/incubator-Crail,TRUE,TRUE,2.175,23.8111416,0,85,0,0.03448275862,0.05699424611,0.007844732394,FALSE,43,0,0.01149425287
5,daffodil,0,https://github.com/apache/incubator-Daffodil,https://github.com/apache/incubator-Daffodil,TRUE,TRUE,14.16666667,411.8824727,0.00294551,679,2,0.02923976608,0.09189120848,0.002298318964,TRUE,52,1,0.02
6,datasketches,0,https://github.com/apache/incubator-DataSketches,https://github.com/apache/incubator-DataSketches,TRUE,FALSE,0,27.6819416,0,0,0,0,0.1110691149,0.02780961004,FALSE,7,0,0
7,dlab,0,https://github.com/apache/incubator-DLab,https://github.com/apache/incubator-DLab,TRUE,TRUE,39.21212121,21.65569961,0,1319,0,0.003051106026,0.03121724419,0.001886145405,TRUE,41,3,0
8,dolphinscheduler,0,https://github.com/apache/incubator-DolphinScheduler,https://github.com/apache/incubator-DolphinScheduler,TRUE,TRUE,116.3870968,29.1436467,0.00027293,3664,1,0.3131778742,0.0469340802,0.0008412336471,TRUE,2433,40,0.01
9,doris,0,https://github.com/apache/incubator-Doris,https://github.com/apache/incubator-Doris,TRUE,TRUE,84,30.30561561,0,4182,0,0.4615926709,0.06666958571,0.002148893313,TRUE,1030,10,0.05
10,druid,0,https://github.com/apache/incubator-Druid,https://github.com/apache/incubator-Druid,TRUE,TRUE,72,31.69093921,0.0005,7626,,0.2922044399,0.05394162744,0.00127793354,TRUE,2971,19,0
11,echarts,0,https://github.com/apache/incubator-ECharts,https://github.com/apache/incubator-ECharts,TRUE,TRUE,12.3,108.8653103,0,1178,0,0.4423701299,0.05229556826,0.002397149336,TRUE,17772,4,0.1
12,edgent,0,https://github.com/apache/incubator-Edgent,https://github.com/apache/incubator-Edgent,TRUE,TRUE,8.162790698,34.54154537,0,346,0,0.01709401709,0.0742486675,0.003424494649,TRUE,141,2,0.01
13,flagon,0,https://github.com/apache/incubator-Flagon,https://github.com/apache/incubator-Flagon,TRUE,TRUE,0.1794871795,35.54430141,0,6,0,0.1428571429,0.202983769,0.003824074892,FALSE,11,0,0
14,gobblin,0,https://github.com/apache/incubator-Gobblin,https://github.com/apache/incubator-Gobblin,TRUE,TRUE,38.9625,28.70793492,0.00164853,3033,5,0.03007037748,0.09055103949,0.001807713469,TRUE,680,13,0.01
15,heron,0,https://github.com/apache/incubator-Heron,https://github.com/apache/incubator-Heron,TRUE,TRUE,38.1,31.10404061,0.00113723,2638,3,0.1494768311,0.08497518288,0.002904224807,TRUE,615,9,0.42
16,hivemall,0,https://github.com/apache/incubator-Hivemall,https://github.com/apache/incubator-Hivemall,TRUE,TRUE,4.518518519,43.62624559,0,238,0,0.0737704918,0.1002221351,0.0007751226935,FALSE,113,0,0.01
17,hudi,0,https://github.com/apache/incubator-Hudi,https://github.com/apache/incubator-Hudi,TRUE,TRUE,48.81034483,33.21170401,0.00450294,2887,13,0.0444214876,0.08701078138,0.0004657984061,TRUE,1056,21,0.32
18,iceberg,0,https://github.com/apache/incubator-Iceberg,https://github.com/apache/incubator-Iceberg,TRUE,TRUE,63.66666667,44.60871908,0,2146,0,0.2163667524,0.1164343054,0.003767884742,TRUE,814,15,0
19,iotdb,0,https://github.com/apache/incubator-IoTDB,https://github.com/apache/incubator-IoTDB,TRUE,TRUE,113.6176471,43.75942807,0.00302954,3961,12,0.08141009384,0.04644979597,0.002102784063,TRUE,508,1,0.01
20,livy,0,https://github.com/apache/incubator-Livy,https://github.com/apache/incubator-Livy,TRUE,TRUE,6.365384615,25.81226327,0.008,250,2,0.05135951662,0.0817985597,0.00159504404,TRUE,425,12,0.01
21,marvin,0,https://github.com/apache/incubator-Marvin-AI,https://github.com/apache/incubator-marvin,TRUE,TRUE,1.611111111,24.91767355,0,56,0,0.05172413793,0.09057780337,0.02028194862,FALSE,32,0,0.01639344262
22,milagro,0,https://github.com/apache/incubator-Milagro,https://github.com/apache/incubator-Milagro,TRUE,TRUE,1.388888889,33.5515994,0,25,0,0.04,0.1719747462,0.03083005275,FALSE,12,0,0.08
23,mxnet,0,https://github.com/apache/incubator-MXNet,https://github.com/apache/incubator-MXNet,TRUE,TRUE,142.4473684,35.81502685,0,10630,0,0.6163713547,0.06426411094,0.005059160979,TRUE,6572,41,0.04
24,myriad,0,https://github.com/apache/incubator-Myriad,https://github.com/apache/incubator-Myriad,TRUE,TRUE,2.836734694,48.37305204,0,131,0,0.04316546763,0.1045943595,0.004610635001,FALSE,72,0,0.06
25,nemo,0,https://github.com/apache/incubator-Nemo,https://github.com/apache/incubator-Nemo,TRUE,TRUE,7.666666667,30.19133104,0.00645161,310,2,0.3819875776,0.1158212052,0.005133996066,TRUE,58,11,0.31
26,omid,0,https://github.com/apache/incubator-Omid,https://github.com/apache/incubator-Omid,TRUE,TRUE,1.507936508,33.72282204,0,82,0,0.02105263158,0.05195135385,0.008749637591,FALSE,43,0,0.01052631579
27,pagespeed,0,https://github.com/apache/incubator-PageSpeed,https://github.com/apache/incubator-pagespeed-ngx,TRUE,TRUE,6.65625,24.27151444,0.0031348,638,2,0.1345852895,0.01277190803,0.01696110073,TRUE,355,3,0.04
28,pinot,0,https://github.com/apache/incubator-Pinot,https://github.com/apache/incubator-Pinot,TRUE,TRUE,79.18072289,43.93002394,0.00025,6566,,0.0494106981,0.08727442606,0.000498880192,TRUE,778,16,0.02
29,ponymail,0,https://github.com/apache/incubator-PonyMail,https://github.com/apache/incubator-PonyMail,TRUE,TRUE,0.7142857143,21.55542258,0,37,0,0.1555555556,0.03807557352,0.002612688353,FALSE,36,0,0.02222222222
30,ratis,0,https://github.com/apache/incubator-Ratis,https://github.com/apache/incubator-Ratis,TRUE,TRUE,9.581818182,26.13674169,0,522,0,0.01489757914,0.08126797241,0.001066994973,TRUE,216,2,0.07
31,rya,0,https://github.com/apache/incubator-Rya,https://github.com/apache/incubator-Rya,TRUE,TRUE,5.35,75.2455857,0.00325733,307,1,0.02492211838,0.2109779216,0.004563436222,TRUE,78,7,0.07
32,s2graph,0,https://github.com/apache/incubator-S2Graph,https://github.com/apache/incubator-S2Graph,TRUE,TRUE,3.846153846,54.39683841,0,183,0,0.025,0.05104386554,0.001689144961,TRUE,66,4,0.01
33,samoa,0,https://github.com/apache/incubator-SAMOA,https://github.com/apache/incubator-SAMOA,TRUE,TRUE,1.4,44.77275798,0,71,0,0.0119047619,0.1112066909,0.04010851096,TRUE,102,3,0
34,sdap,0,https://github.com/apache/incubator-SDAP,https://github.com/apache/incubator-sdap-nexus,TRUE,TRUE,2.978723404,47.40095485,0,137,0,0.03546099291,0.1135078482,0.01018011562,TRUE,26,3,0.15
35,shardingsphere,0,https://github.com/apache/incubator-ShardingSphere,https://github.com/apache/incubator-ShardingSphere,TRUE,TRUE,112.9130435,23.22532469,0.00075,7969,,0.5423320659,0.08908882567,0.0003332029346,TRUE,5021,20,0.08
36,singa,0,https://github.com/apache/incubator-SINGA,https://github.com/apache/incubator-SINGA,TRUE,TRUE,10.94736842,77.65334026,0.00121065,826,1,0.01923076923,0.07874352855,0.00483696523,TRUE,697,10,0.01
37,spot,0,https://github.com/apache/incubator-Spot,https://github.com/apache/incubator-Spot,TRUE,TRUE,2.982142857,760.9789678,0,161,0,0.02994011976,0.0655508712,0.006367676768,TRUE,206,4,0.02
38,superset,0,https://github.com/apache/incubator-Superset,https://github.com/apache/incubator-Superset,TRUE,TRUE,127.2533333,280.0010621,0.0005,9556,,0.511453561,0.05458852754,0.001522305241,TRUE,7947,36,0.02
39,tamaya,0,https://github.com/apache/incubator-Tamaya,https://github.com/apache/incubator-Tamaya,TRUE,TRUE,0.8983050847,28.9916988,0,53,0,0.03773584906,0.1179060353,0.02120184334,FALSE,34,0,0.07547169811
40,taverna,0,https://github.com/apache/incubator-Taverna,https://github.com/apache/incubator-taverna-workbench,TRUE,TRUE,0.5333333333,30.09635198,0,6,0,0,0.08218320224,0.02423964457,FALSE,10,0,0
41,tephra,0,https://github.com/apache/incubator-Tephra,https://github.com/apache/incubator-Tephra,TRUE,TRUE,1.690909091,39.72642444,0,90,0,0,0.06911882109,0.00342877272,FALSE,50,0,0.01075268817
42,toree,0,https://github.com/apache/incubator-Toree,https://github.com/apache/incubator-Toree,TRUE,TRUE,2.811594203,24.08374965,0,181,0,0.0412371134,0.1164413272,0.009797580437,TRUE,216,5,0.01
43,training,0,https://github.com/apache/incubator-Training,https://github.com/apache/incubator-Training,TRUE,TRUE,2.769230769,51.32264082,0,72,0,0.04166666667,0.2168982342,0.005770415264,FALSE,22,0,0.01388888889
44,tuweni,0,https://github.com/apache/incubator-Tuweni,https://github.com/apache/incubator-Tuweni,TRUE,TRUE,7.766666667,40.62048336,0,232,0,0.235042735,0.07817791815,0.01104332733,TRUE,51,1,0.02
45,bloodhound,1,https://github.com/apache/Bloodhound,https://github.com/apache/Bloodhound,TRUE,TRUE,1,42.65438739,0,1,0,0,0.08518852473,0.008903603858,FALSE,33,0,0
46,tvm,0,https://github.com/apache/incubator-TVM,https://github.com/apache/incubator-TVM,TRUE,TRUE,128.3793103,33.65691939,0.00125,7429,,0.133902374,0.06664561964,0.0006625935536,TRUE,2155,30,0.05
47,warble,0,https://github.com/apache/incubator-Warble,https://github.com/apache/incubator-warble-server,TRUE,FALSE,0,44.87573758,0,0,0,0,0.2196687371,0.01909792896,FALSE,2,0,0
48,weex,0,https://github.com/apache/incubator-Weex,https://github.com/apache/incubator-Weex,TRUE,TRUE,47.01960784,79.26750523,0,2382,0,0.09174311927,0.03562287561,0.005576814059,TRUE,1832,15,0.05
49,abdera,1,https://github.com/apache/Abdera,https://github.com/apache/Abdera,TRUE,TRUE,0.04761904762,36.74569032,0,0,0,0,0.09403178698,0.007262678886,TRUE,26,1,0
50,accumulo,1,https://github.com/apache/Accumulo,https://github.com/apache/Accumulo,TRUE,TRUE,16.59375,35.46878943,0.00190718,1573,3,0.3437695679,0.0382386359,0.001200880544,TRUE,380,10,0.25
51,ace,1,https://github.com/apache/ACE,https://github.com/apache/ACE,TRUE,TRUE,0.2352941176,58.06331362,0,12,0,0,0.1255543727,0.001930287454,FALSE,23,0,0
52,activemq,1,https://github.com/apache/ActiveMQ,https://github.com/apache/ActiveMQ,TRUE,TRUE,5.736,33.85033923,0,680,0,0.01388888889,0.08616277448,0.004713590171,TRUE,1278,9,0.22
53,airavata,1,https://github.com/apache/Airavata,https://github.com/apache/Airavata,TRUE,TRUE,3.226190476,96.10721135,0,228,0,0.0147601476,0.09050918138,0.005478486528,TRUE,110,4,0.03
54,airflow,1,https://github.com/apache/Airflow,https://github.com/apache/Airflow,TRUE,TRUE,182.1538462,25.8163947,0,14309,,0.3291457286,0.04687034269,0.0003763183196,TRUE,9348,3,0
55,allura,1,https://github.com/apache/Allura,https://github.com/apache/Allura,TRUE,TRUE,0.1818181818,21.36812593,0,6,0,0.3333333333,0.04404141638,0.00214894071,FALSE,28,0,0
56,ambari,1,https://github.com/apache/Ambari,https://github.com/apache/Ambari,TRUE,TRUE,32.97,49.68697387,0,3238,0,0.06789936344,0.05541544898,0.0006371742112,TRUE,1298,7,0.24
57,oltu,1,https://github.com/apache/Amber,https://github.com/amberframework/amber,TRUE,TRUE,15.59615385,13.33268195,0,806,0,0.2281134402,0.06244324611,0.002382004481,TRUE,174,3,0.04
58,any23,1,https://github.com/apache/Any23,https://github.com/apache/Any23,TRUE,TRUE,2.419354839,41.40403554,0,224,0,0.2422907489,0.08351748039,0.02397683339,TRUE,53,2,0.02
59,apex,1,https://github.com/apache/Apex,https://github.com/apache/apex-core,TRUE,TRUE,11.22222222,29.17123972,0.00496689,604,3,0.1650165017,0.03413258542,0.001903756389,TRUE,179,4,0.16
60,apollo,1,https://github.com/apache/Apollo,https://github.com/apache/activemq-apollo,TRUE,TRUE,0.2173913043,40.17801954,0,10,0,0.1,0.08679446122,0.001473177172,TRUE,72,2,0
61,aries,1,https://github.com/apache/Aries,https://github.com/apache/Aries,TRUE,TRUE,1.153846154,28.47078404,0,125,0,0.1333333333,0.09492293305,0.002965478695,TRUE,148,1,0
62,asterixdb,1,https://github.com/apache/AsterixDB,https://github.com/apache/AsterixDB,TRUE,TRUE,0.253968254,126.6529757,0,11,0,0.0625,0.1229207562,0.0006683179733,TRUE,103,1,0
63,atlas,1,https://github.com/apache/Atlas,https://github.com/apache/Atlas,TRUE,TRUE,3.020833333,32.94937895,0,93,0,0.02684563758,0.07230222355,0.0004493607788,TRUE,595,11,0
64,aurora,1,https://github.com/apache/Aurora,https://github.com/apache/Aurora,TRUE,TRUE,0.9594594595,31.90324367,0.01515152,66,1,0.0985915493,0.0644623022,0.001926515435,TRUE,230,4,0.08450704225
65,beam,1,https://github.com/apache/Beam,https://github.com/apache/Beam,TRUE,TRUE,234,36.63310137,0.00125,15903,,0,0.04885840197,0.001183182982,TRUE,3181,8,0.02
66,bval,1,https://github.com/apache/bval,https://github.com/apache/bval,TRUE,TRUE,0.1379310345,26.59546832,0,8,0,0.125,0.05905632198,0.001722717731,FALSE,26,0,0
67,beehive,1,https://github.com/apache/Beehive,https://github.com/apache/hive,TRUE,TRUE,22.53278689,76.538141,0.00366166,2731,10,0.01654676259,0.1153533391,0.0003934400594,TRUE,3416,20,0.48
68,bigtop,1,https://github.com/apache/Bigtop,https://github.com/apache/Bigtop,TRUE,TRUE,8.815217391,52.86774388,0,641,0,0.02080783354,0.1216510566,0.00106521112,TRUE,340,10,0
69,brooklyn,1,https://github.com/apache/Brooklyn,https://github.com/apache/Brooklyn,TRUE,TRUE,0.7462686567,81.9401889,0,46,0,0.04,0.04449472097,0.06074586697,FALSE,64,0,0
70,buildr,1,https://github.com/apache/Buildr,https://github.com/apache/Buildr,TRUE,TRUE,0.4392523364,16.66925327,0,46,0,0.06382978723,0.02700118718,0.002869222865,FALSE,68,0,0
71,calcite,1,https://github.com/apache/Calcite,https://github.com/apache/Calcite,TRUE,TRUE,29.90804598,39.43116545,0.00125104,2398,3,0.01339456563,0.04844406798,0.001298962577,TRUE,1430,27,0.04
72,carbondata,1,https://github.com/apache/CarbonData,https://github.com/apache/CarbonData,TRUE,TRUE,66.79365079,46.73632836,0.0031816,4086,13,0.1922071751,0.06549531742,0.0008795082501,TRUE,669,12,0.1
73,cassandra,1,https://github.com/apache/Cassandra,https://github.com/apache/Cassandra,TRUE,TRUE,10.925,23.47365126,0,853,0,0.009009009009,0.02470054353,0.001387186948,TRUE,2818,5,0.02
74,cayenne,1,https://github.com/apache/Cayenne,https://github.com/apache/Cayenne,TRUE,TRUE,5.441860465,30.27843596,0,438,0,0.004273504274,0.06436350317,0.0006471261839,FALSE,112,0,0.01
75,celix,1,https://github.com/apache/Celix,https://github.com/apache/Celix,TRUE,TRUE,3.458333333,40.15154939,0,247,0,0.04347826087,0.05101742637,0.002071567915,TRUE,65,4,0.04
76,chemistry,1,https://github.com/apache/Chemistry,https://github.com/apache/Chemistry,TRUE,FALSE,0,44.04622343,0,0,0,0,0.08152444326,0.0008738804164,FALSE,7,0,0
77,chukwa,1,https://github.com/apache/Chukwa,https://github.com/apache/Chukwa,TRUE,TRUE,0.2040816327,38.17910067,0,7,0,0,0.1141206506,0.00149238719,FALSE,43,0,0
78,clerezza,1,https://github.com/apache/Clerezza,https://github.com/apache/Clerezza,TRUE,TRUE,0.1826086957,40.0862792,0,17,0,0,0.1049230841,0.004023490736,FALSE,26,0,0
79,click,1,https://github.com/apache/Click,https://github.com/apache/Click,TRUE,FALSE,0,43.58814664,0,0,0,0,0.07457804742,0.001558185404,FALSE,9,0,0
80,cloudstack,1,https://github.com/apache/CloudStack,https://github.com/apache/CloudStack,TRUE,TRUE,46.10204082,45.23653741,0.00045065,4438,2,0.3250992501,0.04115865601,0.003321700418,TRUE,823,21,0.13
81,commonsrdf,1,https://github.com/apache/CommonsRDF,https://github.com/apache/commons-rdf,TRUE,TRUE,0.9102564103,29.69700853,0,58,0,0.2112676056,0.07545058018,0.008429344827,TRUE,36,2,0.02777777778
82,cordova,1,https://github.com/apache/Cordova,https://github.com/apache/Cordova,TRUE,TRUE,0.5,26.16428571,0,17,0,0,0.3928571429,0.1275510204,FALSE,44,0,0.05555555556
83,couchdb,1,https://github.com/apache/CouchDB,https://github.com/apache/CouchDB,TRUE,TRUE,17.66412214,32.36278246,0.00086768,2305,2,0.191461837,0.04328216222,0.004869319108,TRUE,873,7,0.04
84,crunch,1,https://github.com/apache/Crunch,https://github.com/apache/Crunch,TRUE,TRUE,0.3529411765,40.14760434,0,26,0,0.1,0.1177113127,0.0007279135599,TRUE,83,1,0
85,ctakes,1,https://github.com/apache/cTAKES,https://github.com/apache/cTAKES,TRUE,TRUE,0.2857142857,815.473736,0,0,0,0.5,0.1734216816,0.001956012268,FALSE,51,0,0
86,curator,1,https://github.com/apache/Curator,https://github.com/apache/Curator,TRUE,TRUE,4.395604396,26.82474427,0,353,0,0.0349127182,0.05604896915,0.004762779928,TRUE,1092,5,0.05
87,cxf,1,https://github.com/apache/CXF,https://github.com/apache/CXF,TRUE,TRUE,9.538461538,22.97253933,0.00238664,838,2,0.03103448276,0.06896167016,0.001433088613,TRUE,1277,8,0.03
88,datafu,1,https://github.com/apache/DataFu,https://github.com/apache/DataFu,TRUE,TRUE,0.1046511628,31.69649765,0,7,0,0,0.105071815,0.003935246172,FALSE,57,0,0
89,deltacloud,1,https://github.com/apache/Deltacloud,https://github.com/apache/Deltacloud,TRUE,TRUE,0.3043478261,36.20455785,0,4,0,0,0.1027559959,0.001631618864,FALSE,23,0,0
90,deltaspike,1,https://github.com/apache/DeltaSpike,https://github.com/apache/DeltaSpike,TRUE,TRUE,1.318181818,25.53620896,0,110,0,0.03448275862,0.1298529285,0.0006159634538,FALSE,127,0,0
91,derby,1,https://github.com/apache/Derby,https://github.com/apache/Derby,TRUE,TRUE,0.1346153846,79.35480747,0,0,0,0,0.05593637162,0.007228715818,FALSE,124,0,0
92,devicemap,1,https://github.com/apache/DeviceMap,https://github.com/apache/devicemap-browsermap,TRUE,FALSE,0,82.4607684,0,0,0,0,0.0875,0.1690340909,FALSE,5,0,0
93,directmemory,1,https://github.com/apache/DirectMemory,https://github.com/apache/DirectMemory,TRUE,TRUE,0.04255319149,41.74418716,0,1,0,0.25,0.109740153,0.003441151325,FALSE,26,0,0
94,directory,1,https://github.com/apache/Directory,https://github.com/apache/directory-project,TRUE,FALSE,0,50.29979522,0,0,0,0,0.1009132566,0.1510204082,FALSE,3,0,0
95,distributedlog,1,https://github.com/apache/DistributedLog,https://github.com/apache/DistributedLog,TRUE,TRUE,4.794871795,34.65712539,0,184,0,0.06417112299,0.1281498095,0.007499025901,TRUE,72,1,0.45
96,drill,1,https://github.com/apache/Drill,https://github.com/apache/Drill,TRUE,TRUE,21.85046729,43.47667286,0.00261666,2293,6,0.0204168439,0.1030913928,0.0004236215177,TRUE,858,23,0.76
97,dubbo,1,https://github.com/apache/Dubbo,https://github.com/apache/Dubbo,TRUE,TRUE,39.42342342,25.09072558,0.00045558,4390,2,0.567371052,0.07219698432,0.000693327269,TRUE,21491,14,0
98,eagle,1,https://github.com/apache/Eagle,https://github.com/apache/Eagle,TRUE,TRUE,18.96226415,96.49568898,0.00100604,994,1,0.05373134328,0.1154763015,0.000688169732,TRUE,190,4,0
99,easyant,1,https://github.com/apache/EasyAnt,https://github.com/apache/ant-easyant-core,TRUE,TRUE,0.2727272727,37.85788879,0,3,0,0,0.1023561508,0.002396598639,FALSE,7,0,0
100,empire,1,https://github.com/apache/Empire-db,https://github.com/apache/Empire-db,TRUE,TRUE,0.1486486486,25.67335891,0,3,0,0.2727272727,0.054547095,0.001887497006,FALSE,21,0,0
101,esme,1,https://github.com/apache/ESME,https://github.com/apache/ESME,TRUE,FALSE,0,28.98552221,0,0,0,0,0.0879971493,0.003193844226,FALSE,11,0,0
102,etch,1,https://github.com/apache/Etch,https://github.com/apache/Etch,TRUE,FALSE,0,42.48888715,0,0,0,0,0.1473234188,0.004030701924,FALSE,8,0,0
103,falcon,1,https://github.com/apache/Falcon,https://github.com/apache/Falcon,TRUE,TRUE,7.189655172,26.29923776,0.00248139,403,1,0.002398081535,0.06503928623,0.001558802378,TRUE,106,1,0
104,felix,1,https://github.com/apache/Felix,https://github.com/apache/Felix,TRUE,TRUE,2.144230769,31.32404822,0,164,0,0.0269058296,0.06991578788,0.002933884298,TRUE,313,2,0
105,fineract,1,https://github.com/apache/Fineract,https://github.com/apache/Fineract,TRUE,TRUE,28.50724638,49.90701056,0,1974,0,0.06386213887,0.06642786347,0.002532089547,TRUE,780,17,0.01
106,flex,1,https://github.com/apache/Flex,https://github.com/apache/flex-sdk,TRUE,TRUE,0.6984126984,118.6526047,0,39,0,0,0.008888457038,0.003134922672,FALSE,143,0,0
107,flink,1,https://github.com/apache/Flink,https://github.com/apache/Flink,TRUE,TRUE,201.5227273,45.7682832,0.00225,17247,,0.08967528462,0.09426239698,0.0005386972592,TRUE,9710,11,0.07
108,flume,1,https://github.com/apache/Flume,https://github.com/apache/Flume,TRUE,TRUE,3.169811321,41.03910426,0.00877193,228,2,0.04761904762,0.1013120373,0.001224899822,TRUE,1426,9,0.03
109,fluo,1,https://github.com/apache/Fluo,https://github.com/apache/Fluo,TRUE,TRUE,6.65,27.0703646,0,529,0,0.6127819549,0.05412586743,0.005258892225,TRUE,73,3,0.13
110,freemarker,1,https://github.com/apache/FreeMarker,https://github.com/apache/FreeMarker,TRUE,TRUE,0.9861111111,46.43845518,0,68,0,0.04225352113,0.05879211379,0.006228975316,TRUE,210,1,0
111,ftpserver,1,https://github.com/apache/FtpServer,https://github.com/apache/FtpServer,TRUE,TRUE,0.08620689655,35.73267197,0,3,0,0,0.1104056821,0.02375197317,FALSE,52,0,0
112,geode,1,https://github.com/apache/Geode,https://github.com/apache/Geode,TRUE,TRUE,92.20779221,47.76769653,0.001,7101,,0.01303616484,0.07235496701,0.003248286033,TRUE,637,8,0.03
113,geronimo,1,https://github.com/apache/Geronimo,https://github.com/apache/Geronimo,TRUE,TRUE,0.3,35.33735017,0,1,0,0.5,0.1108338989,0.001249657685,FALSE,21,0,0
114,giraph,1,https://github.com/apache/Giraph,https://github.com/apache/Giraph,TRUE,TRUE,1.637362637,31.80811672,0,124,0,0.04026845638,0.1179520094,0.001770330986,TRUE,255,2,0
115,gora,1,https://github.com/apache/Gora,https://github.com/apache/Gora,TRUE,TRUE,2.806818182,35.95880979,0,227,0,0.02024291498,0.0785653608,0.001777613737,TRUE,112,2,0.09
116,griffin,1,https://github.com/apache/Griffin,https://github.com/apache/Griffin,TRUE,TRUE,10.96296296,68.03542942,0,592,0,0.01351351351,0.1068187736,0.003640715254,TRUE,532,7,0.04
117,groovy,1,https://github.com/apache/Groovy,https://github.com/apache/Groovy,TRUE,TRUE,21.16666667,35.56769813,0,1639,0,0.02902055623,0.07122406164,0.000754758459,TRUE,1623,5,0
118,guacamole,1,https://github.com/apache/Guacamole,https://github.com/apache/guacamole-server,TRUE,TRUE,5.253731343,47.73276498,0,333,0,0.04829545455,0.03938790522,0.00566893424,TRUE,400,7,0
119,hama,1,https://github.com/apache/Hama,https://github.com/apache/Hama,TRUE,TRUE,0.25,30.20731526,0,18,0,0.05,0.07678193287,0.001977829706,FALSE,72,0,0
120,harmony,1,https://github.com/apache/Harmony,https://github.com/apache/Harmony,TRUE,FALSE,0,57.55535249,0,0,0,0,0.04845810501,0.0008018863364,FALSE,35,0,0
121,hawq,1,https://github.com/apache/HAWQ,https://github.com/apache/HAWQ,TRUE,TRUE,21.01388889,49.09298533,0.00265781,1505,4,0.007926023778,0.0756446991,0.00567091522,TRUE,300,4,0.67
122,hcatalog,1,https://github.com/apache/HCatalog,https://github.com/apache/HCatalog,TRUE,FALSE,0,31.32947485,0,0,0,0,0.08394172055,0.009208550455,TRUE,41,1,0
123,helix,1,https://github.com/apache/Helix,https://github.com/apache/Helix,TRUE,TRUE,12.6627907,51.45704775,0.00364631,1097,4,0.4890310786,0.09302159496,0.001552767308,TRUE,170,1,0.04
124,hermes,1,https://github.com/apache/Hermes,https://github.com/allegro/hermes,TRUE,TRUE,12.48051948,15.07265447,0,961,0,0.2010362694,0.05501708944,0.00138417512,TRUE,167,1,0.05
125,httpd-cli,1,https://github.com/apache/httpd-CLI,https://github.com/apache/httpd,TRUE,TRUE,2.083333333,34.15458245,0,189,0,0.07079646018,0.02949597923,0.001364257204,TRUE,904,3,0.01
126,ibatis,1,https://github.com/apache/iBATIS,https://github.com/mybatis/mybatis-3,TRUE,TRUE,12.12621359,20.52787668,0,1195,0,0.3405103668,0.06068810906,0.2139639779,TRUE,10710,2,0.57
127,ignite,1,https://github.com/apache/Ignite,https://github.com/apache/Ignite,TRUE,TRUE,120.525641,41.18744199,0.00225,8816,,0.005945429451,0.05115537758,0.00174324542,TRUE,1698,8,0.1
128,impala,1,https://github.com/apache/Impala,https://github.com/apache/Impala,TRUE,TRUE,0.4545454545,130.9914961,0,22,0,0.28,0.04619401239,0.0004841382871,TRUE,342,3,0
129,isis,1,https://github.com/apache/Isis,https://github.com/apache/Isis,TRUE,TRUE,8.117021277,29.03638732,0,787,0,0.5749354005,0.0741609986,0.001075694883,TRUE,266,4,0.06
130,ivy,1,https://github.com/apache/Ivy,https://github.com/apache/ant-ivy,TRUE,TRUE,0.9879518072,26.30209603,0,73,0,0.01219512195,0.09174680318,0.01592486168,TRUE,96,2,0
131,jackrabbit,1,https://github.com/apache/Jackrabbit,https://github.com/apache/Jackrabbit,TRUE,TRUE,0.6440677966,36.21237024,0,42,0,0.05263157895,0.07447405526,0.005071374906,TRUE,181,1,0
132,jaxme,1,https://github.com/apache/JaxMe,https://github.com/apache/JaxMe,FALSE,FALSE,,,,,,,,,,,,None
133,jclouds,1,https://github.com/apache/jclouds,https://github.com/apache/jclouds,TRUE,TRUE,1.825396825,32.62962556,0,110,0,0.02608695652,0.1111164149,0.001838573267,FALSE,97,0,0
134,jdo,1,https://github.com/apache/JDO,https://github.com/apache/db-jdo,TRUE,TRUE,1.03030303,47.95298847,0,32,0,0.05882352941,0.09580275503,0.01032765034,FALSE,5,0,0.05882352941
135,jena,1,https://github.com/apache/Jena,https://github.com/apache/Jena,TRUE,TRUE,10.83333333,37.66893744,0.00089686,1115,1,0.1350135014,0.05542735417,0.001189430187,TRUE,533,4,0
136,johnzon,1,https://github.com/apache/Johnzon,https://github.com/apache/Johnzon,TRUE,TRUE,0.9,35.03096381,0,55,0,0.01388888889,0.08648123612,0.0009783322508,TRUE,58,1,0
137,joshua,1,https://github.com/apache/Joshua,https://github.com/apache/Joshua,TRUE,TRUE,1.641509434,93.38291351,0,85,0,0.03448275862,0.08906031674,0.00394047619,TRUE,63,1,0.01149425287
138,jspwiki,1,https://github.com/apache/JSPWiki,https://github.com/apache/JSPWiki,TRUE,TRUE,3.487804878,39.19751083,0,144,0,0.8137931034,0.0725119817,0.003283464725,TRUE,80,2,0
139,juddi,1,https://github.com/apache/jUDDI,https://github.com/apache/jUDDI,TRUE,TRUE,0.08823529412,47.46403992,0,3,0,0,0.125861772,0.001819560116,FALSE,16,0,0
140,juneau,1,https://github.com/apache/Juneau,https://github.com/apache/Juneau,TRUE,TRUE,1.266666667,50.2574093,0,55,0,0,0.06198260722,0.001845607921,FALSE,38,0,0
141,kafka,1,https://github.com/apache/Kafka,https://github.com/apache/Kafka,TRUE,TRUE,105.3119266,31.09118664,0.0055,8816,,0.04341031429,0.04592813323,0.0006206837455,TRUE,10391,1,0.04
142,knox,1,https://github.com/apache/Knox,https://github.com/apache/Knox,TRUE,TRUE,5.988095238,34.39858636,0.0019802,10588,,0.01972386588,0.1008388792,0.001422310807,TRUE,191,1,0.51
143,kudu,1,https://github.com/apache/Kudu,https://github.com/apache/Kudu,TRUE,TRUE,0.5882352941,31.92369011,0,24,0,0.1,0.0452996458,0.0005089199608,TRUE,521,7,0
144,kylin,1,https://github.com/apache/Kylin,https://github.com/apache/Kylin,TRUE,TRUE,21.64197531,59.23914017,0.00174317,1721,3,0.01303854875,0.06122940602,0.0008319792337,TRUE,1411,14,0
145,lens,1,https://github.com/apache/Lens,https://github.com/apache/Lens,TRUE,TRUE,0.6101694915,31.16956226,0,23,0,0.08333333333,0.06627456914,0.001416322314,TRUE,96,3,0.02777777778
146,lenya,1,https://github.com/apache/Lenya,https://github.com/apache/Lenya,TRUE,FALSE,0,31.92457638,0,0,0,0,0.112379349,0.001523631841,FALSE,9,0,0
147,libcloud,1,https://github.com/apache/Libcloud,https://github.com/apache/Libcloud,TRUE,TRUE,11.3030303,103.7728571,0,1483,0,0.07970529136,0.06286490639,0.03720016881,TRUE,828,16,0.02
148,log4cxx,1,https://github.com/apache/log4cxx,https://github.com/apache/logging-log4cxx,TRUE,TRUE,1.314814815,56.73336292,0,0,0,0.05633802817,0.06382312831,0.009093498171,FALSE,0,0,0
149,log4cxx2,1,https://github.com/apache/log4cxx2,https://github.com/apache/log4cxx2,FALSE,FALSE,,,,,,,,,,,,None
150,log4net,1,https://github.com/apache/log4net,https://github.com/apache/logging-log4net,TRUE,TRUE,1.269230769,71.59727869,0,67,0,0.06060606061,0.06630519209,0.009090607044,FALSE,258,0,0.04347826087
151,log4php,1,https://github.com/apache/Log4php,https://github.com/apache/logging-log4php,TRUE,TRUE,0.2558139535,26.17052038,0,17,0,0,0.09077452152,0.004418641726,TRUE,67,1,0
152,lucenenet,1,https://github.com/apache/Lucene.NET,https://github.com/apache/Lucene.NET,TRUE,TRUE,3.366666667,45.16231154,0,422,0,0.1682692308,0.0382857855,0.004176264373,FALSE,554,0,0.04
153,lucy,1,https://github.com/apache/Lucy,https://github.com/apache/Lucy,TRUE,TRUE,1,34.59429403,0,54,0,0,0.07451232899,0.003241878525,FALSE,27,0,0
154,madlib,1,https://github.com/apache/MADlib,https://github.com/apache/MADlib,TRUE,TRUE,8.042253521,138.9496135,0,571,0,0.09265734266,0.07057108732,0.001748134041,TRUE,126,5,0
155,manifoldcf,1,https://github.com/apache/ManifoldCF,https://github.com/apache/ManifoldCF,TRUE,TRUE,0.4520547945,54.80074316,0,20,0,0.1212121212,0.05982179738,0.006654165361,TRUE,57,2,0
156,marmotta,1,https://github.com/apache/Marmotta,https://github.com/apache/Marmotta,TRUE,TRUE,0.5277777778,41.94318883,0,29,0,0,0.06916894699,0.007902990814,TRUE,54,2,0
157,merlin-developer,1,https://github.com/apache/MerlinDeveloper,https://github.com/apache/MerlinDeveloper,FALSE,FALSE,,,,,,,,,,,,None
158,mesos,1,https://github.com/apache/Mesos,https://github.com/apache/Mesos,TRUE,TRUE,4.216494845,42.64261927,0,392,0,0.02200488998,0.03548872395,0.0008026541096,TRUE,1617,20,0.05
159,metamodel,1,https://github.com/apache/MetaModel,https://github.com/apache/MetaModel,TRUE,TRUE,3.139240506,26.45299059,0,245,0,0.1048387097,0.07564458353,0.005694392284,TRUE,141,2,0
160,metron,1,https://github.com/apache/Metron,https://github.com/apache/Metron,TRUE,TRUE,28.76363636,56.77958453,0.0012837,1558,2,0.0796460177,0.1216716247,0.002326064211,TRUE,501,18,0
161,mnemonic,1,https://github.com/apache/Mnemonic,https://github.com/apache/Mnemonic,TRUE,TRUE,3.545454545,27.21051062,0,238,0,0.03813559322,0.08968193146,0.003239014263,TRUE,59,2,0
162,mod_ftp,1,https://github.com/apache/mod_ftp,https://github.com/OutOfOrder/mod_ftpd,TRUE,FALSE,0,56.80942349,0,0,0,0,0.1227054166,0.01016727191,FALSE,0,0,0
163,mrunit,1,https://github.com/apache/MRUnit,https://github.com/apache/MRUnit,TRUE,TRUE,1,30.78243007,0,0,0,0,0.09781003628,0.009149948767,TRUE,26,1,0
164,muse,1,https://github.com/apache/Muse,https://github.com/apache/Muse,FALSE,FALSE,,,,,,,,,,,,None
165,myfaces,1,https://github.com/apache/MyFaces,https://github.com/apache/MyFaces,TRUE,TRUE,5.43902439,44.27107371,0,224,0,0.06726457399,0.0769383141,0.002101579582,FALSE,52,0,0.21
166,mynewt,1,https://github.com/apache/Mynewt,https://github.com/apache/mynewt-core,TRUE,TRUE,37.11764706,52.52491023,0.0003962,2524,1,0.03832477282,0.06803665063,0.002074298469,TRUE,316,9,0.01
167,netbeans,1,https://github.com/apache/NetBeans,https://github.com/apache/NetBeans,TRUE,TRUE,67.57142857,60.77319913,0,3257,,0.05954887218,0.07844965518,0.006018186337,TRUE,612,19,0.12
168,nifi,1,https://github.com/apache/NiFi,https://github.com/apache/NiFi,TRUE,TRUE,67.07317073,40.14257355,0.00025,5474,,0.02243125904,0.08128784111,0.0005578401859,TRUE,2085,26,0
169,nutch,1,https://github.com/apache/Nutch,https://github.com/apache/Nutch,TRUE,TRUE,6.361111111,36.98651611,0,682,0,0.01594202899,0.06881325103,0.005951252528,TRUE,1153,10,0.01
170,streams,1,https://github.com/apache/Streams,https://github.com/apache/Streams,TRUE,TRUE,6.58974359,37.21476762,0,514,0,0.04280155642,0.1117820552,0.00117249821,TRUE,41,3,0.03
171,nuvem,1,https://github.com/apache/Nuvem,https://github.com/apache/Nuvem,TRUE,FALSE,0,28.92713042,0,0,0,0,0.2730459535,0.002088472415,FALSE,4,0,0
172,ode,1,https://github.com/apache/Ode,https://github.com/apache/Ode,TRUE,TRUE,0.115942029,33.73067038,0,6,0,0,0.08998263379,0.003298112648,TRUE,56,1,0.125
173,ofbiz,1,https://github.com/apache/OFBiz,https://github.com/apache/OFBiz,TRUE,TRUE,0.2872340426,44.40791227,0,15,0,0.07407407407,0.03253536264,0.002619344649,TRUE,542,2,0
174,ognl,1,https://github.com/apache/OGNL,https://github.com/apache/commons-ognl,TRUE,TRUE,1.268292683,22.2600029,0,53,0,0.6153846154,0.0416203327,0.01683016926,TRUE,31,1,0
175,olingo,1,https://github.com/apache/Olingo,https://github.com/apache/olingo-odata4,TRUE,TRUE,0.7228915663,43.44770959,0,40,0,0.05,0.08310453677,0.0009940489602,TRUE,152,1,0.1666666667
176,onami,1,https://github.com/apache/Onami,https://github.com/apache/Onami,TRUE,FALSE,0,16.52924636,0,0,0,0,0.07361903541,0.004351457945,FALSE,3,0,0
177,oodt,1,https://github.com/apache/OODT,https://github.com/apache/OODT,TRUE,TRUE,1.307692308,35.90345904,0,116,0,0.01680672269,0.1201132002,0.002062921248,TRUE,58,2,0.03
178,oozie,1,https://github.com/apache/Oozie,https://github.com/apache/Oozie,TRUE,TRUE,0.5596330275,24.46573262,0,28,0,0.06557377049,0.06106948398,0.00106924872,TRUE,426,6,0
179,climate,1,https://github.com/apache/climate,https://github.com/apache/climate,TRUE,TRUE,6.820512821,34.89956281,0,527,0,0.005639097744,0.09345165723,0.00410608139,TRUE,108,1,0
180,openejb,1,https://github.com/apache/OpenEJB,https://github.com/apache/OpenEJB,TRUE,FALSE,0,39.52414247,0,0,0,0,0.1150378145,0.00134390024,FALSE,25,0,0
181,openjpa,1,https://github.com/apache/OpenJPA,https://github.com/apache/OpenJPA,TRUE,TRUE,0.8604651163,36.32093799,0,63,0,0.04054054054,0.09083915275,0.00477048058,FALSE,97,0,0.06329113924
182,openmeetings,1,https://github.com/apache/Openmeetings,https://github.com/apache/Openmeetings,TRUE,TRUE,1.822580645,48.8203034,0.02727273,110,3,0,0.03425413735,0.002683290462,TRUE,233,3,0
183,opennlp,1,https://github.com/apache/OpenNLP,https://github.com/apache/OpenNLP,TRUE,TRUE,4.362637363,61.94925602,0,379,0,0.005037783375,0.1158600763,0.0005117238403,TRUE,384,3,0.01
184,openoffice,1,https://github.com/apache/OpenOffice.org,https://github.com/apache/openoffice,TRUE,TRUE,2.266666667,2770.839491,0,125,0,0.08088235294,,0.000241258868,TRUE,238,2,0.13
185,openwebbeans,1,https://github.com/apache/OpenWebBeans,https://github.com/apache/OpenWebBeans,TRUE,TRUE,0.4418604651,29.06692755,0,38,0,0,0.09691818331,0.001464692805,TRUE,44,3,0
186,openwhisk,1,https://github.com/apache/OpenWhisk,https://github.com/apache/OpenWhisk,TRUE,TRUE,47.51470588,28.140347,0.00156495,3195,5,0.223460229,0.06831024901,0.001791170923,TRUE,1034,15,0.04
187,parquet,1,https://github.com/apache/Parquet,https://github.com/apache/parquet-mr,TRUE,TRUE,10.51724138,34.00414294,0,822,0,0.03384279476,0.06075056962,0.001214447016,TRUE,1068,7,0.01
188,pdfbox,1,https://github.com/apache/PDFBox,https://github.com/apache/PDFBox,TRUE,TRUE,1.205607477,37.29643053,0,112,0,0,0.03715723178,0.002335535766,TRUE,614,6,0
189,phoenix,1,https://github.com/apache/Phoenix,https://github.com/apache/Phoenix,TRUE,TRUE,15.11494253,46.34480419,0,1096,0,0.02490566038,0.06169196462,0.002003802158,TRUE,832,15,0.01
190,pig,1,https://github.com/apache/Pig,https://github.com/apache/Pig,TRUE,TRUE,0.3130434783,76.978727,0,29,0,0.05555555556,0.07989962332,0.001475500081,TRUE,401,6,0
191,pivot,1,https://github.com/apache/Pivot,https://github.com/apache/Pivot,TRUE,FALSE,0,34.74772365,0,0,0,0,0.09446615007,0.0013065349,FALSE,26,0,0
192,plc4x,1,https://github.com/apache/PLC4X,https://github.com/apache/PLC4X,TRUE,TRUE,6.152173913,46.56488848,0,280,0,0.08771929825,0.08408909207,0.005794552354,TRUE,176,5,0.02
193,pluto,1,https://github.com/apache/Pluto,https://github.com/apache/Pluto,TRUE,TRUE,1,40.44518195,0,0,0,1,0.1351276814,0.002797918436,FALSE,8,0,0
194,predictionio,1,https://github.com/apache/PredictionIO,https://github.com/apache/PredictionIO,TRUE,TRUE,4.988235294,63.99002556,0,407,0,0.07311320755,0.08975856212,0.002762221681,TRUE,1975,6,0.05
195,pulsar,1,https://github.com/apache/Pulsar,https://github.com/apache/Pulsar,TRUE,TRUE,142.0983607,42.69249123,0.00025,8669,,0.3160945669,0.08627903429,0.0007101277276,TRUE,2481,18,0.98
196,qpid,1,https://github.com/apache/Qpid,https://github.com/apache/Qpid,TRUE,TRUE,0.1960784314,37.88008925,0,9,0,0,0.06981986689,0.001220082066,FALSE,83,0,0
197,wookie,1,https://github.com/apache/Wookie,https://github.com/apache/Wookie,TRUE,TRUE,1,42.43988571,0,0,0,0,0.1476510053,0.0008254526313,FALSE,8,0,0
198,ranger,1,https://github.com/apache/Ranger,https://github.com/apache/Ranger,TRUE,TRUE,1.456790123,47.46355175,0,40,0,0.02542372881,0.06031834016,0.0005871407925,TRUE,544,7,0
199,rat,1,https://github.com/apache/RAT,https://github.com/apache/creadur-rat,TRUE,TRUE,0.3424657534,27.34115622,0,19,0,0.24,0.05602402804,0.01200880341,TRUE,24,2,0.08
200,rave,1,https://github.com/apache/Rave,https://github.com/apache/Rave,TRUE,TRUE,0.6388888889,41.70913615,0,23,0,0.08695652174,0.09198663339,0.001331303929,TRUE,13,1,0
201,reef,1,https://github.com/apache/REEF,https://github.com/apache/REEF,TRUE,TRUE,19.25641026,26.82171713,0.00200535,1496,3,0.4294274301,0.08495787537,0.001114213397,TRUE,99,4,0.03
202,river,1,https://github.com/apache/River,https://github.com/apache/river-container,TRUE,FALSE,0,37.89989465,0,0,0,0,0.3163370885,0.01411708379,FALSE,4,0,0
203,rocketmq,1,https://github.com/apache/RocketMQ,https://github.com/apache/RocketMQ,TRUE,TRUE,29.48275862,31.57673175,0.00063654,1571,1,0.7605797101,0.08704767858,0.00129674343,TRUE,8498,14,0.02
204,roller,1,https://github.com/apache/Roller,https://github.com/apache/Roller,TRUE,TRUE,0.784,53.47868968,0,97,0,0.01020408163,0.06575343483,0.006621841301,TRUE,107,4,0.0612244898
205,samza,1,https://github.com/apache/Samza,https://github.com/apache/Samza,TRUE,TRUE,19.84615385,30.35414599,0.00066007,1515,1,0.01675257732,0.08859476346,0.0008632982618,TRUE,293,6,0.01
206,sanselan,1,https://github.com/apache/Sanselan,https://github.com/apache/Sanselan,TRUE,TRUE,0.02666666667,49.81417571,0,1,0,0,0.1278583659,0.002507643496,FALSE,16,0,0
207,sentry,1,https://github.com/apache/Sentry,https://github.com/apache/Sentry,TRUE,TRUE,0.2682926829,58.77984618,0,2,0,0.4545454545,0.08718390018,0.0006915451895,FALSE,82,0,0
208,servicecomb,1,https://github.com/apache/ServiceComb,https://github.com/apache/servicecomb-java-chassis,TRUE,TRUE,31.13207547,27.75651171,0.00241984,1653,4,0.02602905569,0.1404333755,0.0004399802844,TRUE,725,5,0
209,servicemix,1,https://github.com/apache/ServiceMix,https://github.com/apache/ServiceMix,TRUE,TRUE,0.7714285714,22.26455392,0,53,0,0.01851851852,0.06186865567,0.006165595959,FALSE,156,0,0
210,shindig,1,https://github.com/apache/Shindig,https://github.com/apache/Shindig,TRUE,TRUE,0.04672897196,29.77531643,0,1,0,0.4,0.07824756653,0.0007873255178,TRUE,44,2,0
211,shiro,1,https://github.com/apache/Shiro,https://github.com/apache/Shiro,TRUE,TRUE,2.845454545,29.82184059,0,297,0,0.02555910543,0.08423586557,0.005257019558,TRUE,2094,5,0.03
212,sis,1,https://github.com/apache/SIS,https://github.com/apache/SIS,TRUE,TRUE,0.3709677419,40.88863942,0,22,0,0,0.07265937024,0.000466586803,FALSE,41,0,0
213,skywalking,1,https://github.com/apache/SkyWalking,https://github.com/apache/SkyWalking,TRUE,TRUE,57.43283582,26.15575381,0.00025747,3884,1,0.294529427,0.1067660617,0.0008157467079,TRUE,5231,23,0.11
214,sling,1,https://github.com/apache/Sling,https://github.com/apache/Sling,TRUE,TRUE,4.763636364,7.25,0,262,0,0.01145038168,0.25,,TRUE,260,2,0.02
215,solr,1,https://github.com/apache/Solr,https://github.com/apache/Solr,TRUE,TRUE,50.875,36.94998344,0,366,0,0.03058823529,0.05948047758,0.0004759647229,TRUE,171,2,0.02
216,spamassassin,1,https://github.com/apache/SpamAssassin,https://github.com/apache/SpamAssassin,TRUE,TRUE,0.05,85.79822935,0,2,0,0,0.02097155261,0.107898715,TRUE,56,1,0
217,spark,1,https://github.com/apache/Spark,https://github.com/apache/Spark,TRUE,TRUE,379.3406593,227.5021935,,34546,,0.08147421282,0.04475444757,0.0003026288642,TRUE,23837,150,0.35
218,sqoop,1,https://github.com/apache/Sqoop,https://github.com/apache/Sqoop,TRUE,TRUE,0.8269230769,37.51465648,0,64,0,0.01162790698,0.09173085604,0.002482840448,TRUE,490,8,0
219,stanbol,1,https://github.com/apache/Stanbol,https://github.com/apache/Stanbol,TRUE,TRUE,0.2093023256,50.16275451,0,3,0,0.2777777778,0.119843388,0.006537657616,FALSE,74,0,0
220,stdcxx,1,https://github.com/apache/stdcxx,https://github.com/apache/stdcxx,TRUE,FALSE,0,97.49732863,0,0,0,0,0.1352259249,0.006568565879,FALSE,26,0,0
221,storm,1,https://github.com/apache/Storm,https://github.com/apache/Storm,TRUE,TRUE,36.41489362,25.46023774,0.00059242,3376,2,0.05169392523,0.03912354041,0.002341077997,TRUE,4020,25,0
222,stratos,1,https://github.com/apache/Stratos,https://github.com/apache/Stratos,TRUE,TRUE,10.34693878,44.14334525,0,498,0,0.009861932939,0.06894796803,0.001061527789,FALSE,107,0,0
223,subversion,1,https://github.com/apache/Subversion,https://github.com/apache/Subversion,TRUE,TRUE,0.1274509804,57.50026685,0,12,0,0,0.02105233947,0.002510239133,TRUE,154,1,0
224,synapse,1,https://github.com/apache/Synapse,https://github.com/apache/Synapse,TRUE,TRUE,0.6527777778,39.9823311,0,46,0,0.1276595745,0.1020868732,0.01161049268,FALSE,46,0,0
225,syncope,1,https://github.com/apache/Syncope,https://github.com/apache/Syncope,TRUE,TRUE,3.506024096,22.44074883,0,289,0,0.01718213058,0.04921122249,0.003449453519,TRUE,133,1,0.03
226,systemml,1,https://github.com/apache/SystemML,https://github.com/apache/SystemML,TRUE,TRUE,20.43661972,118.1361777,0,1445,0,0.02602739726,0.1006460716,0.00955345996,TRUE,397,8,0.04
227,tajo,1,https://github.com/apache/Tajo,https://github.com/apache/Tajo,TRUE,TRUE,15.1,35.67702331,0,1023,0,0.006622516556,0.1071335854,0.00103871764,TRUE,110,2,0.02
228,tapestry,1,https://github.com/apache/Tapestry,https://github.com/apache/tapestry-5,TRUE,TRUE,0.2976190476,47.79651911,0,3,0,0,0.09554774002,0.01092985227,FALSE,72,0,0
229,tez,1,https://github.com/apache/Tez,https://github.com/apache/Tez,TRUE,TRUE,1.848837209,29.9247439,0,116,0,0.0303030303,0.06035957652,0.002003979371,TRUE,319,2,0.02
230,thrift,1,https://github.com/apache/Thrift,https://github.com/apache/Thrift,TRUE,TRUE,19.91935484,31.30395046,0,2450,0,0.03519417476,0.07034997489,0.001287890551,TRUE,3550,17,0
231,tika,1,https://github.com/apache/Tika,https://github.com/apache/Tika,TRUE,TRUE,4.053571429,61.118866,0,409,0,0.0350877193,0.09905079898,0.0006330444691,TRUE,595,13,0.05
232,tinkerpop,1,https://github.com/apache/TinkerPop,https://github.com/apache/TinkerPop,TRUE,TRUE,18.65,34.19959056,0,1494,0,0.06951871658,0.04299404716,0.002979420822,TRUE,674,3,0.02
233,tobago,1,https://github.com/apache/Tobago,https://github.com/apache/myfaces-tobago,TRUE,TRUE,32.6875,33.1233804,0,1667,0,0.573110285,0.05856079637,0.001739816022,FALSE,19,0,0
234,trafficcontrol,1,https://github.com/apache/TrafficControl,https://github.com/apache/TrafficControl,TRUE,TRUE,70.26666667,77.87686872,0.00503839,4168,21,0.4415308292,0.06318405709,0.0008520039678,TRUE,279,19,0.18
235,trafficserver,1,https://github.com/apache/TrafficServer,https://github.com/apache/TrafficServer,TRUE,TRUE,64.85849057,29.65247924,0,0,0,0.1689385151,0.0399235381,0.0006079164809,TRUE,672,2,0.99
236,trafodion,1,https://github.com/apache/Trafodion,https://github.com/apache/Trafodion,TRUE,TRUE,32.31034483,68.14408891,0,1850,0,0.01280683031,0.02848991306,0.007141771369,TRUE,159,5,0
237,trinidad,1,https://github.com/apache/Trinidad,https://github.com/apache/myfaces-trinidad,TRUE,TRUE,0.1071428571,75.71156741,0,1,0,0,0.04832017856,0.002960455285,FALSE,9,0,0
238,tuscany,1,https://github.com/apache/Tuscany,https://github.com/apache/tuscany-sdo,TRUE,TRUE,1,59.01823397,0,0,0,0,0.1414397619,0.001911304025,FALSE,11,0,0
239,twill,1,https://github.com/apache/Twill,https://github.com/apache/Twill,TRUE,TRUE,1.88372093,21.69620783,0,78,0,0,0.05352364229,0.001911859767,TRUE,66,1,0
240,uima,1,https://github.com/apache/UIMA,https://github.com/apache/uima-uimaj,TRUE,TRUE,3.465116279,57.56181938,0,151,0,0,0.05440466557,0.006922922356,FALSE,38,0,1
241,unomi,1,https://github.com/apache/Unomi,https://github.com/apache/Unomi,TRUE,TRUE,5.409090909,28.11062055,0.00274725,364,1,0.02203856749,0.08826862758,0.0008041958042,TRUE,87,4,0.05
242,usergrid,1,https://github.com/apache/Usergrid,https://github.com/apache/Usergrid,TRUE,TRUE,7.380952381,68.63037105,0,599,0,0.01612903226,0.05352547859,0.001774742812,TRUE,372,3,0.02
243,vcl,1,https://github.com/apache/VCL,https://github.com/apache/VCL,TRUE,TRUE,0.2941176471,84.04463924,0,7,0,0,0.03067241844,0.007895652174,FALSE,17,0,0
244,vxquery,1,https://github.com/apache/VXQuery,https://github.com/apache/VXQuery,TRUE,TRUE,4.615384615,66.28420577,0,170,0,0.005555555556,0.1427489808,0.00313128004,FALSE,31,0,0
245,webwork2,1,https://github.com/openwebwork/webwork2,https://github.com/openwebwork/webwork2,TRUE,TRUE,9.543103448,68.59934122,0,1074,0,0.137962128,0.05862607956,0.006106321839,TRUE,126,15,0
246,whirr,1,https://github.com/apache/Whirr,https://github.com/apache/Whirr,TRUE,TRUE,0.2121212121,20.42665941,0,3,0,0,0.0871087837,0.001723035422,FALSE,56,0,0
247,wicket,1,https://github.com/apache/Wicket,https://github.com/apache/Wicket,TRUE,TRUE,3.652892562,32.73799612,0,439,0,0.06053811659,0.06789292617,0.002742013232,TRUE,347,1,0.11
248,wink,1,https://github.com/apache/Wink,https://github.com/apache/Wink,TRUE,TRUE,0.1666666667,87.65246984,0,1,0,0,0.1044032853,0.001423131712,FALSE,22,0,0
249,woden,1,https://github.com/apache/Woden,https://github.com/wso2/wso2-axis2,TRUE,TRUE,2.438202247,14.9001537,0,218,0,0.04128440367,0.0252909851,0.002914951989,TRUE,175,1,0
250,xmlbeans,1,https://github.com/apache/XMLBeans,https://github.com/apache/XMLBeans,TRUE,TRUE,0.03260869565,78.68996166,0,3,0,0,0.1189898518,0.004221617874,FALSE,40,0,0
251,zeppelin,1,https://github.com/apache/Zeppelin,https://github.com/apache/Zeppelin,TRUE,TRUE,54.64102564,32.59506999,0.00047858,4179,2,0.06611957796,0.06055542897,0.000676488749,TRUE,2426,26,0.01
252,agila,2,https://github.com/apache/Agila,https://github.com/agilasverige/agilasverige_site,TRUE,FALSE,0,19.66395156,0,0,0,0,0.1240517223,0.001729166667,FALSE,1,0,0
253,alois,2,https://github.com/apache/Alois,https://github.com/logintas/alois,TRUE,FALSE,0,9.140963461,0,0,0,0,0.07692307692,0.0423696625,FALSE,1,0,0
254,altrmi,2,https://github.com/apache/AltRMI,https://github.com/apache/AltRMI,FALSE,FALSE,,,,,,,,,,,,None
255,ariatosca,2,https://github.com/apache/AriaTosca,https://github.com/apache/incubator-ariatosca,TRUE,TRUE,12.10526316,32.89364045,0.00436681,229,1,0.004347826087,0.1277404334,0.005486005618,TRUE,46,1,0.02
256,awf,2,https://github.com/apache/AWF,https://github.com/apache/AWF,FALSE,FALSE,,,,,,,,,,,,None
257,axion,2,https://github.com/apache/Axion,https://github.com/apache/ws-axiom,TRUE,TRUE,9,27.82648692,0,161,0,0.9938271605,0.09618497845,0.004204597291,FALSE,8,0,0
258,bluesky,2,https://github.com/apache/Bluesky,https://github.com/apache/Bluesky,FALSE,FALSE,,,,,,,,,,,,None
259,blur,2,https://github.com/apache/Blur,https://github.com/apache/incubator-retired-blur,TRUE,TRUE,0.6666666667,46.24531612,0,5,0,0,0.08302590275,0.0008626635422,FALSE,32,0,0
260,cmda,2,https://github.com/apache/Climate Model Diagnostic Analyzer,https://github.com/apache/Climate Model Diagnostic Analyzer,FALSE,FALSE,,,,,,,,,,,,None
261,composer,2,https://github.com/apache/Composer,https://github.com/apache/openwhisk-composer,TRUE,TRUE,1.621621622,22.40140393,0,59,0,0.2333333333,0.07197576231,0.01133943005,FALSE,19,0,0.1833333333
262,concerted,2,https://github.com/apache/Concerted,https://github.com/apache/incubator-retired-concerted,TRUE,TRUE,6,80.83059088,0,3,0,0,0.1654852659,0.08893515764,FALSE,6,0,0
263,corinthia,2,https://github.com/apache/Corinthia,https://github.com/apache/incubator-retired-corinthia,TRUE,FALSE,0,71.16411807,0,0,0,0,0.1601814252,0.002526254365,FALSE,6,0,0
264,cotton,2,https://github.com/apache/Cotton,https://github.com/apache/incubator-retired-cotton,TRUE,FALSE,0,15.69516113,0,0,0,0,0.0744047619,0.04761904762,FALSE,22,0,0
265,depot,2,https://github.com/apache/Depot,https://github.com/apache/Depot,FALSE,FALSE,,,,,,,,,,,,None
266,droids,2,https://github.com/apache/Droids,https://github.com/trickl/trickl-crawler,TRUE,FALSE,0,36.87066263,0,0,0,0,0.08968045113,0.03153195988,FALSE,0,0,0
267,gearpump,2,https://github.com/apache/Gearpump,https://github.com/gearpump/gearpump,TRUE,TRUE,14.79761905,35.39673838,0,1153,0,0.659694288,0.05940360446,0.006326469428,TRUE,155,4,0
268,gossip,2,https://github.com/apache/Gossip,https://github.com/apache/incubator-retired-gossip,TRUE,TRUE,4,27.90443233,0,68,0,0.02777777778,0.09514055298,0.004090444939,TRUE,107,2,0.01388888889
269,graffito,2,https://github.com/apache/Graffito,https://github.com/apache/Graffito,FALSE,FALSE,,,,,,,,,,,,None
270,hdt,2,https://github.com/apache/incubator-retired-hdt,https://github.com/apache/incubator-retired-hdt,TRUE,TRUE,1,21.95367485,0,0,0,0,0.4213406985,0.007182252495,FALSE,9,0,0
271,heraldry,2,https://github.com/apache/Heraldry,https://github.com/apache/Heraldry,FALSE,FALSE,,,,,,,,,,,,None
272,hise,2,https://github.com/apache/HISE,https://github.com/apache/HISE,FALSE,FALSE,,,,,,,,,,,,None
273,horn,2,https://github.com/apache/HORN,https://github.com/apache/incubator-retired-horn,TRUE,TRUE,2,52.94999734,0,31,0,0,0.277972583,0.03442249743,FALSE,17,0,0
274,htrace,2,https://github.com/apache/incubator-retired-htrace,https://github.com/apache/incubator-retired-htrace,TRUE,TRUE,0.8125,30.76690176,0,8,0,0,0.07194342894,0.002026158074,TRUE,67,1,0
275,imperius,2,https://github.com/apache/Imperius,https://github.com/apache/Imperius,FALSE,FALSE,,,,,,,,,,,,None
276,iota,2,https://github.com/apache/iota,https://github.com/apache/incubator-retired-iota,TRUE,TRUE,2.5,34.46719682,0,33,0,0.05714285714,0.1551275917,0.002736452944,FALSE,32,0,0
277,juice,2,https://github.com/apache/JuiCE,https://github.com/apache/JuiCE,FALSE,FALSE,,,,,,,,,,,,None
278,kabuki,2,https://github.com/apache/Kabuki,https://github.com/apache/Kabuki,FALSE,FALSE,,,,,,,,,,,,None
279,kalumet,2,https://github.com/apache/Kalumet,https://github.com/apache/Kalumet,TRUE,FALSE,0,73.11361497,0,0,0,0,0.2993861434,0.007742418655,FALSE,6,0,0
280,kato,2,https://github.com/apache/Kato,https://github.com/apache/Kato,FALSE,FALSE,,,,,,,,,,,,None
281,kitty,2,https://github.com/apache/Kitty,https://github.com/apache/Kitty,FALSE,FALSE,,,,,,,,,,,,None
282,lokahi,2,https://github.com/apache/Lokahi,https://github.com/apache/Lokahi,FALSE,FALSE,,,,,,,,,,,,None
283,lucene4c,2,https://github.com/apache/Lucene4c,https://github.com/apache/Lucene4c,FALSE,FALSE,,,,,,,,,,,,None
284,mrql,2,https://github.com/apache/MRQL,https://github.com/apache/incubator-retired-mrql,TRUE,TRUE,1.545454545,22.85745471,0,33,0,0,0.07558902468,0.005072842363,FALSE,15,0,0
285,nmaven,2,https://github.com/apache/NMaven,https://github.com/apache/maven,TRUE,TRUE,5.466019417,27.3405539,0,523,0,0.08756567426,0.08665974937,0.001088634427,TRUE,2017,9,0.19
286,npanday,2,https://github.com/apache/NPanday,https://github.com/apache/NPanday,TRUE,TRUE,1,38.26193764,0,0,0,0,0.06161556175,0.0009892353649,TRUE,14,1,0
287,odf,2,https://github.com/apache/ODFToolkit,https://github.com/apache/ODFToolkit,TRUE,TRUE,0.1363636364,162.5145876,0,0,0,0,0.1266171525,0.0008677867056,FALSE,28,0,0
288,olio,2,https://github.com/apache/Olio,https://github.com/apache/Olio,FALSE,FALSE,,,,,,,,,,,,None
289,openaz,2,https://github.com/apache/OpenAz,https://github.com/apache/incubator-retired-openaz,TRUE,TRUE,0.6363636364,38.68555439,0,4,0,0,0.1312968713,0.03516416712,FALSE,25,0,0
290,photark,2,https://github.com/apache/PhotArk,https://github.com/apache/PhotArk,TRUE,FALSE,0,38.89969809,0,0,0,0,0.14014441,0.002724755568,FALSE,6,0,0
291,pirk,2,https://github.com/apache/Pirk,https://github.com/apache/incubator-retired-pirk,TRUE,TRUE,17.14285714,27.19749712,0,116,0,0.008333333333,0.06790267912,0.04299956657,TRUE,25,1,0.08
292,provisionr,2,https://github.com/apache/Provisionr,https://github.com/apache/incubator-retired-provisionr,TRUE,FALSE,0,21.8847028,0,0,0,0,0.1177789187,0.007306367335,FALSE,8,0,0
293,quickstep,2,https://github.com/apache/Quickstep,https://github.com/apache/incubator-retired-quickstep,TRUE,TRUE,12.06666667,59.15708383,0,358,0,0.1022099448,0.05717928748,0.001284414202,FALSE,57,0,0
294,rcf,2,https://github.com/apache/RCF,https://github.com/apache/RCF,FALSE,FALSE,,,,,,,,,,,,None
295,ripple,2,https://github.com/apache/Ripple,https://github.com/apache/incubator-retired-ripple,TRUE,TRUE,2.533333333,27.10461679,0,72,0,0.03947368421,0.05054368246,0.00170755837,TRUE,56,1,0
296,s4,2,https://github.com/apache/S4,https://github.com/apache/incubator-retired-s4,TRUE,TRUE,2,36.12457893,0,2,0,0,0.1412028388,0.006955611678,FALSE,17,0,0
297,sirona,2,https://github.com/apache/Sirona,https://github.com/apache/Sirona,TRUE,TRUE,0.09523809524,31.88360158,0,2,0,0,0.1186362676,0.001198390714,FALSE,49,0,0
298,slider,2,https://github.com/apache/Slider,https://github.com/apache/incubator-retired-slider,TRUE,TRUE,0.1818181818,25.31413176,0,2,0,0,0.05403453685,0.001286237215,FALSE,73,0,0
299,socialsite,2,https://github.com/apache/SocialSite,https://github.com/apache/SocialSite,FALSE,FALSE,,,,,,,,,,,,None
300,stonehenge,2,https://github.com/apache/Stonehenge,https://github.com/apache/Stonehenge,FALSE,FALSE,,,,,,,,,,,,None
301,tashi,2,https://github.com/apache/Tashi,https://github.com/apache/Tashi,TRUE,TRUE,0.1111111111,28.10703135,0,0,0,0,0.06863225666,0.01228217815,FALSE,9,0,0
302,triplesoup,2,https://github.com/apache/TripleSoup,https://github.com/apache/TripleSoup,FALSE,FALSE,,,,,,,,,,,,None
303,tsik,2,https://github.com/apache/TSIK,https://github.com/apache/TSIK,FALSE,FALSE,,,,,,,,,,,,None
304,wadi,2,https://github.com/apache/WADI,https://github.com/apache/WADI,FALSE,FALSE,,,,,,,,,,,,None
305,wave,2,https://github.com/apache/Wave,https://github.com/apache/incubator-retired-wave,TRUE,TRUE,0.5510204082,103.8907513,0,25,0,0,0.1095032483,0.005695893143,FALSE,79,0,0
306,wsrp4j,2,https://github.com/apache/WSRP4J,https://github.com/apache/WSRP4J,FALSE,FALSE,,,,,,,,,,,,None
307,xap,2,https://github.com/apache/XAP,https://github.com/xap/xap,TRUE,TRUE,2.516666667,20.82033441,0,142,0,0.08227848101,0.05665649194,0.00073339813,TRUE,36,1,0.04
308,xmlbeans-cxx,2,https://github.com/apache/XMLBeans/C++,https://github.com/apache/xmlbeans,FALSE,TRUE,,,0,0,0,0,0.1189898518,0.004221617874,,,,0
309,yoko,2,https://github.com/apache/Yoko,https://github.com/apache/geronimo-yoko,TRUE,FALSE,0,58.46841188,0,0,0,0,0.056206466,0.004113115439,TRUE,7,1,0
310,zeta,2,https://github.com/apache/ZetaComponents,https://github.com/apache/ZetaComponents,TRUE,TRUE,0.1739130435,65.19987088,0,3,0,0,0.128822397,0.007423916537,FALSE,15,0,0
311,zipkin,2,https://github.com/apache/Zipkin,https://github.com/apache/Zipkin,TRUE,TRUE,19.05405405,48.11366972,0.00142653,2103,3,0.253427896,0.05298860434,0.002799528475,TRUE,2799,3,0.14