Unnamed: 0,pj_alias,status,pj_github_url,corrected_pj_github_url,pj_github_api_url,correct_url_found,ratio_of_duplicate_prs,total_prs,duplicate_prs
0,amaterasu,0,https://github.com/apache/incubator-Amaterasu,https://github.com/apache/incubator-Amaterasu,https://api.github.com/repos/apache/incubator-Amaterasu,TRUE,0,4,0
1,annotator,0,https://github.com/apache/incubator-Annotator,https://github.com/apache/incubator-Annotator,https://api.github.com/repos/apache/incubator-Annotator,TRUE,0,2,0
2,batchee,0,https://github.com/apache/incubator-BatchEE,https://github.com/apache/incubator-BatchEE,https://api.github.com/repos/apache/incubator-BatchEE,TRUE,0,6,0
3,brpc,0,https://github.com/apache/incubator-BRPC,https://github.com/apache/incubator-BRPC,https://api.github.com/repos/apache/incubator-BRPC,TRUE,0,75,0
4,crail,0,https://github.com/apache/incubator-Crail,https://github.com/apache/incubator-Crail,https://api.github.com/repos/apache/incubator-Crail,TRUE,0,2,0
5,daffodil,0,https://github.com/apache/incubator-Daffodil,https://github.com/apache/incubator-Daffodil,https://api.github.com/repos/apache/incubator-Daffodil,TRUE,0,10,0
6,datasketches,0,https://github.com/apache/incubator-DataSketches,https://github.com/apache/incubator-DataSketches,https://api.github.com/repos/apache/incubator-DataSketches,TRUE,0,0,0
7,dlab,0,https://github.com/apache/incubator-DLab,https://github.com/apache/incubator-DLab,https://api.github.com/repos/apache/incubator-DLab,TRUE,0,9,0
8,dolphinscheduler,0,https://github.com/apache/incubator-DolphinScheduler,https://github.com/apache/incubator-DolphinScheduler,https://api.github.com/repos/apache/incubator-DolphinScheduler,TRUE,0,73,0
9,doris,0,https://github.com/apache/incubator-Doris,https://github.com/apache/incubator-Doris,https://api.github.com/repos/apache/incubator-Doris,TRUE,0.145454545,110,16
10,druid,0,https://github.com/apache/incubator-Druid,https://github.com/apache/incubator-Druid,https://api.github.com/repos/apache/incubator-Druid,TRUE,0.069767442,172,12
11,echarts,0,https://github.com/apache/incubator-ECharts,https://github.com/apache/incubator-ECharts,https://api.github.com/repos/apache/incubator-ECharts,TRUE,0.078125,64,5
12,edgent,0,https://github.com/apache/incubator-Edgent,https://github.com/apache/incubator-Edgent,https://api.github.com/repos/apache/incubator-Edgent,TRUE,0,5,0
13,flagon,0,https://github.com/apache/incubator-Flagon,https://github.com/apache/incubator-Flagon,https://api.github.com/repos/apache/incubator-Flagon,TRUE,0,1,0
14,gobblin,0,https://github.com/apache/incubator-Gobblin,https://github.com/apache/incubator-Gobblin,https://api.github.com/repos/apache/incubator-Gobblin,TRUE,0.16,100,16
15,heron,0,https://github.com/apache/incubator-Heron,https://github.com/apache/incubator-Heron,https://api.github.com/repos/apache/incubator-Heron,TRUE,0.025641026,39,1
16,hivemall,0,https://github.com/apache/incubator-Hivemall,https://github.com/apache/incubator-Hivemall,https://api.github.com/repos/apache/incubator-Hivemall,TRUE,0,7,0
17,hudi,0,https://github.com/apache/incubator-Hudi,https://github.com/apache/incubator-Hudi,https://api.github.com/repos/apache/incubator-Hudi,TRUE,0.198630137,146,29
18,iceberg,0,https://github.com/apache/incubator-Iceberg,https://github.com/apache/incubator-Iceberg,https://api.github.com/repos/apache/incubator-Iceberg,TRUE,0.113207547,212,24
19,iotdb,0,https://github.com/apache/incubator-IoTDB,https://github.com/apache/incubator-IoTDB,https://api.github.com/repos/apache/incubator-IoTDB,TRUE,0.1875,48,9
20,livy,0,https://github.com/apache/incubator-Livy,https://github.com/apache/incubator-Livy,https://api.github.com/repos/apache/incubator-Livy,TRUE,0.061728395,81,5
21,marvin,0,https://github.com/apache/incubator-Marvin-AI,https://github.com/apache/incubator-marvin,https://api.github.com/repos/apache/incubator-marvin,TRUE,0,3,0
22,milagro,0,https://github.com/apache/incubator-Milagro,https://github.com/apache/incubator-Milagro,https://api.github.com/repos/apache/incubator-Milagro,TRUE,0,0,0
23,mxnet,0,https://github.com/apache/incubator-MXNet,https://github.com/apache/incubator-MXNet,https://api.github.com/repos/apache/incubator-MXNet,TRUE,0.023041475,217,5
24,myriad,0,https://github.com/apache/incubator-Myriad,https://github.com/apache/incubator-Myriad,https://api.github.com/repos/apache/incubator-Myriad,TRUE,0,8,0
25,nemo,0,https://github.com/apache/incubator-Nemo,https://github.com/apache/incubator-Nemo,https://api.github.com/repos/apache/incubator-Nemo,TRUE,0,12,0
26,omid,0,https://github.com/apache/incubator-Omid,https://github.com/apache/incubator-Omid,https://api.github.com/repos/apache/incubator-Omid,TRUE,0,13,0
27,pagespeed,0,https://github.com/apache/incubator-PageSpeed,https://github.com/apache/incubator-pagespeed-ngx,https://api.github.com/repos/apache/incubator-pagespeed-ngx,TRUE,0,1,0
28,pinot,0,https://github.com/apache/incubator-Pinot,https://github.com/apache/incubator-Pinot,https://api.github.com/repos/apache/incubator-Pinot,TRUE,0.104651163,86,9
29,ponymail,0,https://github.com/apache/incubator-PonyMail,https://github.com/apache/incubator-PonyMail,https://api.github.com/repos/apache/incubator-PonyMail,TRUE,0,8,0
30,ratis,0,https://github.com/apache/incubator-Ratis,https://github.com/apache/incubator-Ratis,https://api.github.com/repos/apache/incubator-Ratis,TRUE,0,23,0
31,rya,0,https://github.com/apache/incubator-Rya,https://github.com/apache/incubator-Rya,https://api.github.com/repos/apache/incubator-Rya,TRUE,0,14,0
32,s2graph,0,https://github.com/apache/incubator-S2Graph,https://github.com/apache/incubator-S2Graph,https://api.github.com/repos/apache/incubator-S2Graph,TRUE,0,17,0
33,samoa,0,https://github.com/apache/incubator-SAMOA,https://github.com/apache/incubator-SAMOA,https://api.github.com/repos/apache/incubator-SAMOA,TRUE,0,13,0
34,sdap,0,https://github.com/apache/incubator-SDAP,https://github.com/apache/incubator-sdap-nexus,https://api.github.com/repos/apache/incubator-sdap-nexus,TRUE,0,5,0
35,shardingsphere,0,https://github.com/apache/incubator-ShardingSphere,https://github.com/apache/incubator-ShardingSphere,https://api.github.com/repos/apache/incubator-ShardingSphere,TRUE,0,16,0
36,singa,0,https://github.com/apache/incubator-SINGA,https://github.com/apache/incubator-SINGA,https://api.github.com/repos/apache/incubator-SINGA,TRUE,0,21,0
37,spot,0,https://github.com/apache/incubator-Spot,https://github.com/apache/incubator-Spot,https://api.github.com/repos/apache/incubator-Spot,TRUE,0,6,0
38,superset,0,https://github.com/apache/incubator-Superset,https://github.com/apache/incubator-Superset,https://api.github.com/repos/apache/incubator-Superset,TRUE,0,127,0
39,tamaya,0,https://github.com/apache/incubator-Tamaya,https://github.com/apache/incubator-Tamaya,https://api.github.com/repos/apache/incubator-Tamaya,TRUE,0,0,0
40,taverna,0,https://github.com/apache/incubator-Taverna,https://github.com/apache/incubator-taverna-workbench,https://api.github.com/repos/apache/incubator-taverna-workbench,TRUE,0,2,0
41,tephra,0,https://github.com/apache/incubator-Tephra,https://github.com/apache/incubator-Tephra,https://api.github.com/repos/apache/incubator-Tephra,TRUE,0,3,0
42,toree,0,https://github.com/apache/incubator-Toree,https://github.com/apache/incubator-Toree,https://api.github.com/repos/apache/incubator-Toree,TRUE,0,13,0
43,training,0,https://github.com/apache/incubator-Training,https://github.com/apache/incubator-Training,https://api.github.com/repos/apache/incubator-Training,TRUE,0,0,0
44,tuweni,0,https://github.com/apache/incubator-Tuweni,https://github.com/apache/incubator-Tuweni,https://api.github.com/repos/apache/incubator-Tuweni,TRUE,0,3,0
45,bloodhound,1,https://github.com/apache/Bloodhound,https://github.com/apache/Bloodhound,https://api.github.com/repos/apache/Bloodhound,TRUE,0,0,0
46,tvm,0,https://github.com/apache/incubator-TVM,https://github.com/apache/incubator-TVM,https://api.github.com/repos/apache/incubator-TVM,TRUE,0.088888889,135,12
47,warble,0,https://github.com/apache/incubator-Warble,https://github.com/apache/incubator-warble-server,https://api.github.com/repos/apache/incubator-warble-server,TRUE,0,0,0
48,weex,0,https://github.com/apache/incubator-Weex,https://github.com/apache/incubator-Weex,https://api.github.com/repos/apache/incubator-Weex,TRUE,0,16,0
49,abdera,1,https://github.com/apache/Abdera,https://github.com/apache/Abdera,https://api.github.com/repos/apache/Abdera,TRUE,0,4,0
50,accumulo,1,https://github.com/apache/Accumulo,https://github.com/apache/Accumulo,https://api.github.com/repos/apache/Accumulo,TRUE,0,30,0
51,ace,1,https://github.com/apache/ACE,https://github.com/apache/ACE,https://api.github.com/repos/apache/ACE,TRUE,0,4,0
52,activemq,1,https://github.com/apache/ActiveMQ,https://github.com/apache/ActiveMQ,https://api.github.com/repos/apache/ActiveMQ,TRUE,0,41,0
53,airavata,1,https://github.com/apache/Airavata,https://github.com/apache/Airavata,https://api.github.com/repos/apache/Airavata,TRUE,0.069767442,43,3
54,airflow,1,https://github.com/apache/Airflow,https://github.com/apache/Airflow,https://api.github.com/repos/apache/Airflow,TRUE,0.019354839,155,3
55,allura,1,https://github.com/apache/Allura,https://github.com/apache/Allura,https://api.github.com/repos/apache/Allura,TRUE,0,0,0
56,ambari,1,https://github.com/apache/Ambari,https://github.com/apache/Ambari,https://api.github.com/repos/apache/Ambari,TRUE,0,61,0
57,oltu,1,https://github.com/apache/Amber,https://github.com/amberframework/amber,https://api.github.com/repos/amberframework/amber,TRUE,0,5,0
58,any23,1,https://github.com/apache/Any23,https://github.com/apache/Any23,https://api.github.com/repos/apache/Any23,TRUE,0,4,0
59,apex,1,https://github.com/apache/Apex,https://github.com/apache/apex-core,https://api.github.com/repos/apache/apex-core,TRUE,0,2,0
60,apollo,1,https://github.com/apache/Apollo,https://github.com/apache/activemq-apollo,https://api.github.com/repos/apache/activemq-apollo,TRUE,0,0,0
61,aries,1,https://github.com/apache/Aries,https://github.com/apache/Aries,https://api.github.com/repos/apache/Aries,TRUE,0,10,0
62,asterixdb,1,https://github.com/apache/AsterixDB,https://github.com/apache/AsterixDB,https://api.github.com/repos/apache/AsterixDB,TRUE,0,5,0
63,atlas,1,https://github.com/apache/Atlas,https://github.com/apache/Atlas,https://api.github.com/repos/apache/Atlas,TRUE,0,56,0
64,aurora,1,https://github.com/apache/Aurora,https://github.com/apache/Aurora,https://api.github.com/repos/apache/Aurora,TRUE,0,5,0
65,beam,1,https://github.com/apache/Beam,https://github.com/apache/Beam,https://api.github.com/repos/apache/Beam,TRUE,0.097297297,185,18
66,bval,1,https://github.com/apache/bval,https://github.com/apache/bval,https://api.github.com/repos/apache/bval,TRUE,0,0,0
67,beehive,1,https://github.com/apache/Beehive,https://github.com/apache/hive,https://api.github.com/repos/apache/hive,TRUE,0.02247191,89,2
68,bigtop,1,https://github.com/apache/Bigtop,https://github.com/apache/Bigtop,https://api.github.com/repos/apache/Bigtop,TRUE,0.016759777,179,3
69,brooklyn,1,https://github.com/apache/Brooklyn,https://github.com/apache/Brooklyn,https://api.github.com/repos/apache/Brooklyn,TRUE,0,4,0
70,buildr,1,https://github.com/apache/Buildr,https://github.com/apache/Buildr,https://api.github.com/repos/apache/Buildr,TRUE,0,1,0
71,calcite,1,https://github.com/apache/Calcite,https://github.com/apache/Calcite,https://api.github.com/repos/apache/Calcite,TRUE,0.046296296,216,10
72,carbondata,1,https://github.com/apache/CarbonData,https://github.com/apache/CarbonData,https://api.github.com/repos/apache/CarbonData,TRUE,0.184,125,23
73,cassandra,1,https://github.com/apache/Cassandra,https://github.com/apache/Cassandra,https://api.github.com/repos/apache/Cassandra,TRUE,0.132505176,483,64
74,cayenne,1,https://github.com/apache/Cayenne,https://github.com/apache/Cayenne,https://api.github.com/repos/apache/Cayenne,TRUE,0,30,0
75,celix,1,https://github.com/apache/Celix,https://github.com/apache/Celix,https://api.github.com/repos/apache/Celix,TRUE,0,11,0
76,chemistry,1,https://github.com/apache/Chemistry,https://github.com/apache/Chemistry,https://api.github.com/repos/apache/Chemistry,TRUE,0,0,0
77,chukwa,1,https://github.com/apache/Chukwa,https://github.com/apache/Chukwa,https://api.github.com/repos/apache/Chukwa,TRUE,0,3,0
78,clerezza,1,https://github.com/apache/Clerezza,https://github.com/apache/Clerezza,https://api.github.com/repos/apache/Clerezza,TRUE,0,4,0
79,click,1,https://github.com/apache/Click,https://github.com/apache/Click,https://api.github.com/repos/apache/Click,TRUE,0,0,0
80,cloudstack,1,https://github.com/apache/CloudStack,https://github.com/apache/CloudStack,https://api.github.com/repos/apache/CloudStack,TRUE,0.158878505,107,17
81,commonsrdf,1,https://github.com/apache/CommonsRDF,https://github.com/apache/commons-rdf,https://api.github.com/repos/apache/commons-rdf,TRUE,0,14,0
82,cordova,1,https://github.com/apache/Cordova,https://github.com/apache/Cordova,https://api.github.com/repos/apache/Cordova,TRUE,0,1,0
83,couchdb,1,https://github.com/apache/CouchDB,https://github.com/apache/CouchDB,https://api.github.com/repos/apache/CouchDB,TRUE,0.047619048,21,1
84,crunch,1,https://github.com/apache/Crunch,https://github.com/apache/Crunch,https://api.github.com/repos/apache/Crunch,TRUE,0,4,0
86,curator,1,https://github.com/apache/Curator,https://github.com/apache/Curator,https://api.github.com/repos/apache/Curator,TRUE,0,48,0
87,cxf,1,https://github.com/apache/CXF,https://github.com/apache/CXF,https://api.github.com/repos/apache/CXF,TRUE,0,38,0
88,datafu,1,https://github.com/apache/DataFu,https://github.com/apache/DataFu,https://api.github.com/repos/apache/DataFu,TRUE,0,2,0
89,deltacloud,1,https://github.com/apache/Deltacloud,https://github.com/apache/Deltacloud,https://api.github.com/repos/apache/Deltacloud,TRUE,0,3,0
90,deltaspike,1,https://github.com/apache/DeltaSpike,https://github.com/apache/DeltaSpike,https://api.github.com/repos/apache/DeltaSpike,TRUE,0,6,0
91,derby,1,https://github.com/apache/Derby,https://github.com/apache/Derby,https://api.github.com/repos/apache/Derby,TRUE,0,7,0
92,devicemap,1,https://github.com/apache/DeviceMap,https://github.com/apache/devicemap-browsermap,https://api.github.com/repos/apache/devicemap-browsermap,TRUE,0,0,0
93,directmemory,1,https://github.com/apache/DirectMemory,https://github.com/apache/DirectMemory,https://api.github.com/repos/apache/DirectMemory,TRUE,0,3,0
94,directory,1,https://github.com/apache/Directory,https://github.com/apache/directory-project,https://api.github.com/repos/apache/directory-project,TRUE,0,1,0
95,distributedlog,1,https://github.com/apache/DistributedLog,https://github.com/apache/DistributedLog,https://api.github.com/repos/apache/DistributedLog,TRUE,0,3,0
96,drill,1,https://github.com/apache/Drill,https://github.com/apache/Drill,https://api.github.com/repos/apache/Drill,TRUE,0.046875,64,3
97,dubbo,1,https://github.com/apache/Dubbo,https://github.com/apache/Dubbo,https://api.github.com/repos/apache/Dubbo,TRUE,0.085714286,35,3
98,eagle,1,https://github.com/apache/Eagle,https://github.com/apache/Eagle,https://api.github.com/repos/apache/Eagle,TRUE,0,11,0
99,easyant,1,https://github.com/apache/EasyAnt,https://github.com/apache/ant-easyant-core,https://api.github.com/repos/apache/ant-easyant-core,TRUE,0,0,0
100,empire,1,https://github.com/apache/Empire-db,https://github.com/apache/Empire-db,https://api.github.com/repos/apache/Empire-db,TRUE,0,8,0
101,esme,1,https://github.com/apache/ESME,https://github.com/apache/ESME,https://api.github.com/repos/apache/ESME,TRUE,0,0,0
102,etch,1,https://github.com/apache/Etch,https://github.com/apache/Etch,https://api.github.com/repos/apache/Etch,TRUE,0,0,0
103,falcon,1,https://github.com/apache/Falcon,https://github.com/apache/Falcon,https://api.github.com/repos/apache/Falcon,TRUE,0,14,0
104,felix,1,https://github.com/apache/Felix,https://github.com/apache/Felix,https://api.github.com/repos/apache/Felix,TRUE,0,59,0
105,fineract,1,https://github.com/apache/Fineract,https://github.com/apache/Fineract,https://api.github.com/repos/apache/Fineract,TRUE,0,13,0
106,flex,1,https://github.com/apache/Flex,https://github.com/apache/flex-sdk,https://api.github.com/repos/apache/flex-sdk,TRUE,0,5,0
107,flink,1,https://github.com/apache/Flink,https://github.com/apache/Flink,https://api.github.com/repos/apache/Flink,TRUE,0.037037037,729,27
108,flume,1,https://github.com/apache/Flume,https://github.com/apache/Flume,https://api.github.com/repos/apache/Flume,TRUE,0.101851852,108,11
109,fluo,1,https://github.com/apache/Fluo,https://github.com/apache/Fluo,https://api.github.com/repos/apache/Fluo,TRUE,0,3,0
110,freemarker,1,https://github.com/apache/FreeMarker,https://github.com/apache/FreeMarker,https://api.github.com/repos/apache/FreeMarker,TRUE,0,3,0
111,ftpserver,1,https://github.com/apache/FtpServer,https://github.com/apache/FtpServer,https://api.github.com/repos/apache/FtpServer,TRUE,0,2,0
112,geode,1,https://github.com/apache/Geode,https://github.com/apache/Geode,https://api.github.com/repos/apache/Geode,TRUE,0,63,0
113,geronimo,1,https://github.com/apache/Geronimo,https://github.com/apache/Geronimo,https://api.github.com/repos/apache/Geronimo,TRUE,0,5,0
114,giraph,1,https://github.com/apache/Giraph,https://github.com/apache/Giraph,https://api.github.com/repos/apache/Giraph,TRUE,0,26,0
115,gora,1,https://github.com/apache/Gora,https://github.com/apache/Gora,https://api.github.com/repos/apache/Gora,TRUE,0,20,0
116,griffin,1,https://github.com/apache/Griffin,https://github.com/apache/Griffin,https://api.github.com/repos/apache/Griffin,TRUE,0,0,0
117,groovy,1,https://github.com/apache/Groovy,https://github.com/apache/Groovy,https://api.github.com/repos/apache/Groovy,TRUE,0,22,0
118,guacamole,1,https://github.com/apache/Guacamole,https://github.com/apache/guacamole-server,https://api.github.com/repos/apache/guacamole-server,TRUE,0,19,0
119,hama,1,https://github.com/apache/Hama,https://github.com/apache/Hama,https://api.github.com/repos/apache/Hama,TRUE,0,2,0
120,harmony,1,https://github.com/apache/Harmony,https://github.com/apache/Harmony,https://api.github.com/repos/apache/Harmony,TRUE,0,0,0
121,hawq,1,https://github.com/apache/HAWQ,https://github.com/apache/HAWQ,https://api.github.com/repos/apache/HAWQ,TRUE,0,9,0
122,hcatalog,1,https://github.com/apache/HCatalog,https://github.com/apache/HCatalog,https://api.github.com/repos/apache/HCatalog,TRUE,0,0,0
123,helix,1,https://github.com/apache/Helix,https://github.com/apache/Helix,https://api.github.com/repos/apache/Helix,TRUE,0,2,0
124,hermes,1,https://github.com/apache/Hermes,https://github.com/allegro/hermes,https://api.github.com/repos/allegro/hermes,TRUE,0,6,0
125,httpd-cli,1,https://github.com/apache/httpd-CLI,https://github.com/apache/httpd,https://api.github.com/repos/apache/httpd,TRUE,0.027027027,37,1
126,ibatis,1,https://github.com/apache/iBATIS,https://github.com/mybatis/mybatis-3,https://api.github.com/repos/mybatis/mybatis-3,TRUE,0,67,0
127,ignite,1,https://github.com/apache/Ignite,https://github.com/apache/Ignite,https://api.github.com/repos/apache/Ignite,TRUE,0.183458647,665,122
128,impala,1,https://github.com/apache/Impala,https://github.com/apache/Impala,https://api.github.com/repos/apache/Impala,TRUE,0,3,0
129,isis,1,https://github.com/apache/Isis,https://github.com/apache/Isis,https://api.github.com/repos/apache/Isis,TRUE,0,3,0
130,ivy,1,https://github.com/apache/Ivy,https://github.com/apache/ant-ivy,https://api.github.com/repos/apache/ant-ivy,TRUE,0,11,0
131,jackrabbit,1,https://github.com/apache/Jackrabbit,https://github.com/apache/Jackrabbit,https://api.github.com/repos/apache/Jackrabbit,TRUE,0,34,0
133,jclouds,1,https://github.com/apache/jclouds,https://github.com/apache/jclouds,https://api.github.com/repos/apache/jclouds,TRUE,0,5,0
134,jdo,1,https://github.com/apache/JDO,https://github.com/apache/db-jdo,https://api.github.com/repos/apache/db-jdo,TRUE,0,2,0
135,jena,1,https://github.com/apache/Jena,https://github.com/apache/Jena,https://api.github.com/repos/apache/Jena,TRUE,0,2,0
136,johnzon,1,https://github.com/apache/Johnzon,https://github.com/apache/Johnzon,https://api.github.com/repos/apache/Johnzon,TRUE,0.111111111,18,2
137,joshua,1,https://github.com/apache/Joshua,https://github.com/apache/Joshua,https://api.github.com/repos/apache/Joshua,TRUE,0,2,0
138,jspwiki,1,https://github.com/apache/JSPWiki,https://github.com/apache/JSPWiki,https://api.github.com/repos/apache/JSPWiki,TRUE,0,2,0
139,juddi,1,https://github.com/apache/jUDDI,https://github.com/apache/jUDDI,https://api.github.com/repos/apache/jUDDI,TRUE,0,0,0
140,juneau,1,https://github.com/apache/Juneau,https://github.com/apache/Juneau,https://api.github.com/repos/apache/Juneau,TRUE,0,2,0
141,kafka,1,https://github.com/apache/Kafka,https://github.com/apache/Kafka,https://api.github.com/repos/apache/Kafka,TRUE,0.030959752,969,30
142,knox,1,https://github.com/apache/Knox,https://github.com/apache/Knox,https://api.github.com/repos/apache/Knox,TRUE,0,13,0
143,kudu,1,https://github.com/apache/Kudu,https://github.com/apache/Kudu,https://api.github.com/repos/apache/Kudu,TRUE,0,6,0
144,kylin,1,https://github.com/apache/Kylin,https://github.com/apache/Kylin,https://api.github.com/repos/apache/Kylin,TRUE,0.093023256,43,4
145,lens,1,https://github.com/apache/Lens,https://github.com/apache/Lens,https://api.github.com/repos/apache/Lens,TRUE,0.230769231,13,3
146,lenya,1,https://github.com/apache/Lenya,https://github.com/apache/Lenya,https://api.github.com/repos/apache/Lenya,TRUE,0,0,0
147,libcloud,1,https://github.com/apache/Libcloud,https://github.com/apache/Libcloud,https://api.github.com/repos/apache/Libcloud,TRUE,0,14,0
148,log4cxx,1,https://github.com/apache/log4cxx,https://github.com/apache/log4cxx,https://api.github.com/repos/apache/log4cxx,TRUE,0,0,0
150,log4net,1,https://github.com/apache/log4net,https://github.com/apache/logging-log4net,https://api.github.com/repos/apache/logging-log4net,TRUE,0,0,0
151,log4php,1,https://github.com/apache/Log4php,https://github.com/apache/logging-log4php,https://api.github.com/repos/apache/logging-log4php,TRUE,0,5,0
152,lucenenet,1,https://github.com/apache/Lucene.NET,https://github.com/apache/Lucene.NET,https://api.github.com/repos/apache/Lucene.NET,TRUE,0,7,0
153,lucy,1,https://github.com/apache/Lucy,https://github.com/apache/Lucy,https://api.github.com/repos/apache/Lucy,TRUE,0,1,0
154,madlib,1,https://github.com/apache/MADlib,https://github.com/apache/MADlib,https://api.github.com/repos/apache/MADlib,TRUE,0,1,0
155,manifoldcf,1,https://github.com/apache/ManifoldCF,https://github.com/apache/ManifoldCF,https://api.github.com/repos/apache/ManifoldCF,TRUE,0,13,0
156,marmotta,1,https://github.com/apache/Marmotta,https://github.com/apache/Marmotta,https://api.github.com/repos/apache/Marmotta,TRUE,0,9,0
158,mesos,1,https://github.com/apache/Mesos,https://github.com/apache/Mesos,https://api.github.com/repos/apache/Mesos,TRUE,0,20,0
159,metamodel,1,https://github.com/apache/MetaModel,https://github.com/apache/MetaModel,https://api.github.com/repos/apache/MetaModel,TRUE,5.666666667,3,17
160,metron,1,https://github.com/apache/Metron,https://github.com/apache/Metron,https://api.github.com/repos/apache/Metron,TRUE,0,24,0
161,mnemonic,1,https://github.com/apache/Mnemonic,https://github.com/apache/Mnemonic,https://api.github.com/repos/apache/Mnemonic,TRUE,0,2,0
162,mod_ftp,1,https://github.com/apache/mod_ftp,https://github.com/OutOfOrder/mod_ftpd,https://api.github.com/repos/OutOfOrder/mod_ftpd,TRUE,0,0,0
163,mrunit,1,https://github.com/apache/MRUnit,https://github.com/apache/MRUnit,https://api.github.com/repos/apache/MRUnit,TRUE,0,1,0
165,myfaces,1,https://github.com/apache/MyFaces,https://github.com/apache/MyFaces,https://api.github.com/repos/apache/MyFaces,TRUE,0,0,0
166,mynewt,1,https://github.com/apache/Mynewt,https://github.com/apache/mynewt-core,https://api.github.com/repos/apache/mynewt-core,TRUE,0,16,0
167,netbeans,1,https://github.com/apache/NetBeans,https://github.com/apache/NetBeans,https://api.github.com/repos/apache/NetBeans,TRUE,0,95,0
168,nifi,1,https://github.com/apache/NiFi,https://github.com/apache/NiFi,https://api.github.com/repos/apache/NiFi,TRUE,0.034090909,88,3
169,nutch,1,https://github.com/apache/Nutch,https://github.com/apache/Nutch,https://api.github.com/repos/apache/Nutch,TRUE,0,17,0
170,streams,1,https://github.com/apache/Streams,https://github.com/apache/Streams,https://api.github.com/repos/apache/Streams,TRUE,0,0,0
171,nuvem,1,https://github.com/apache/Nuvem,https://github.com/apache/Nuvem,https://api.github.com/repos/apache/Nuvem,TRUE,0,0,0
172,ode,1,https://github.com/apache/Ode,https://github.com/apache/Ode,https://api.github.com/repos/apache/Ode,TRUE,0,2,0
173,ofbiz,1,https://github.com/apache/OFBiz,https://github.com/apache/OFBiz,https://api.github.com/repos/apache/OFBiz,TRUE,0,12,0
174,ognl,1,https://github.com/apache/OGNL,https://github.com/apache/commons-ognl,https://api.github.com/repos/apache/commons-ognl,TRUE,0,1,0
175,olingo,1,https://github.com/apache/Olingo,https://github.com/apache/olingo-odata4,https://api.github.com/repos/apache/olingo-odata4,TRUE,0,20,0
176,onami,1,https://github.com/apache/Onami,https://github.com/apache/Onami,https://api.github.com/repos/apache/Onami,TRUE,0,0,0
177,oodt,1,https://github.com/apache/OODT,https://github.com/apache/OODT,https://api.github.com/repos/apache/OODT,TRUE,0,3,0
178,oozie,1,https://github.com/apache/Oozie,https://github.com/apache/Oozie,https://api.github.com/repos/apache/Oozie,TRUE,0,34,0
179,climate,1,https://github.com/apache/climate,https://github.com/apache/climate,https://api.github.com/repos/apache/climate,TRUE,0,5,0
180,openejb,1,https://github.com/apache/OpenEJB,https://github.com/apache/OpenEJB,https://api.github.com/repos/apache/OpenEJB,TRUE,0,0,0
181,openjpa,1,https://github.com/apache/OpenJPA,https://github.com/apache/OpenJPA,https://api.github.com/repos/apache/OpenJPA,TRUE,0,12,0
182,openmeetings,1,https://github.com/apache/Openmeetings,https://github.com/apache/Openmeetings,https://api.github.com/repos/apache/Openmeetings,TRUE,0,3,0
183,opennlp,1,https://github.com/apache/OpenNLP,https://github.com/apache/OpenNLP,https://api.github.com/repos/apache/OpenNLP,TRUE,0,18,0
184,openoffice,1,https://github.com/apache/OpenOffice.org,https://github.com/apache/openoffice,https://api.github.com/repos/apache/openoffice,TRUE,0,12,0
185,openwebbeans,1,https://github.com/apache/OpenWebBeans,https://github.com/apache/OpenWebBeans,https://api.github.com/repos/apache/OpenWebBeans,TRUE,0,0,0
186,openwhisk,1,https://github.com/apache/OpenWhisk,https://github.com/apache/OpenWhisk,https://api.github.com/repos/apache/OpenWhisk,TRUE,0,36,0
187,parquet,1,https://github.com/apache/Parquet,https://github.com/apache/parquet-mr,https://api.github.com/repos/apache/parquet-mr,TRUE,0.0625,96,6
188,pdfbox,1,https://github.com/apache/PDFBox,https://github.com/apache/PDFBox,https://api.github.com/repos/apache/PDFBox,TRUE,0,19,0
189,phoenix,1,https://github.com/apache/Phoenix,https://github.com/apache/Phoenix,https://api.github.com/repos/apache/Phoenix,TRUE,0.038626609,233,9
190,pig,1,https://github.com/apache/Pig,https://github.com/apache/Pig,https://api.github.com/repos/apache/Pig,TRUE,0,7,0
191,pivot,1,https://github.com/apache/Pivot,https://github.com/apache/Pivot,https://api.github.com/repos/apache/Pivot,TRUE,0,0,0
192,plc4x,1,https://github.com/apache/PLC4X,https://github.com/apache/PLC4X,https://api.github.com/repos/apache/PLC4X,TRUE,0,15,0
193,pluto,1,https://github.com/apache/Pluto,https://github.com/apache/Pluto,https://api.github.com/repos/apache/Pluto,TRUE,0,1,0
194,predictionio,1,https://github.com/apache/PredictionIO,https://github.com/apache/PredictionIO,https://api.github.com/repos/apache/PredictionIO,TRUE,0,17,0
195,pulsar,1,https://github.com/apache/Pulsar,https://github.com/apache/Pulsar,https://api.github.com/repos/apache/Pulsar,TRUE,0.020338983,295,6
196,qpid,1,https://github.com/apache/Qpid,https://github.com/apache/Qpid,https://api.github.com/repos/apache/Qpid,TRUE,0,1,0
197,wookie,1,https://github.com/apache/Wookie,https://github.com/apache/Wookie,https://api.github.com/repos/apache/Wookie,TRUE,0,1,0
198,ranger,1,https://github.com/apache/Ranger,https://github.com/apache/Ranger,https://api.github.com/repos/apache/Ranger,TRUE,0,80,0
199,rat,1,https://github.com/apache/RAT,https://github.com/apache/creadur-rat,https://api.github.com/repos/apache/creadur-rat,TRUE,0,6,0
200,rave,1,https://github.com/apache/Rave,https://github.com/apache/Rave,https://api.github.com/repos/apache/Rave,TRUE,0,0,0
201,reef,1,https://github.com/apache/REEF,https://github.com/apache/REEF,https://api.github.com/repos/apache/REEF,TRUE,4.166666667,6,25
202,river,1,https://github.com/apache/River,https://github.com/apache/river-container,https://api.github.com/repos/apache/river-container,TRUE,0,0,0
203,rocketmq,1,https://github.com/apache/RocketMQ,https://github.com/apache/RocketMQ,https://api.github.com/repos/apache/RocketMQ,TRUE,0.057471264,174,10
204,roller,1,https://github.com/apache/Roller,https://github.com/apache/Roller,https://api.github.com/repos/apache/Roller,TRUE,0,1,0
205,samza,1,https://github.com/apache/Samza,https://github.com/apache/Samza,https://api.github.com/repos/apache/Samza,TRUE,0.025,40,1
206,sanselan,1,https://github.com/apache/Sanselan,https://github.com/apache/Sanselan,https://api.github.com/repos/apache/Sanselan,TRUE,0,1,0
207,sentry,1,https://github.com/apache/Sentry,https://github.com/apache/Sentry,https://api.github.com/repos/apache/Sentry,TRUE,0,9,0
208,servicecomb,1,https://github.com/apache/ServiceComb,https://github.com/apache/servicecomb-java-chassis,https://api.github.com/repos/apache/servicecomb-java-chassis,TRUE,0,3,0
209,servicemix,1,https://github.com/apache/ServiceMix,https://github.com/apache/ServiceMix,https://api.github.com/repos/apache/ServiceMix,TRUE,0,1,0
210,shindig,1,https://github.com/apache/Shindig,https://github.com/apache/Shindig,https://api.github.com/repos/apache/Shindig,TRUE,0,4,0
211,shiro,1,https://github.com/apache/Shiro,https://github.com/apache/Shiro,https://api.github.com/repos/apache/Shiro,TRUE,0.0625,16,1
212,sis,1,https://github.com/apache/SIS,https://github.com/apache/SIS,https://api.github.com/repos/apache/SIS,TRUE,0,1,0
213,skywalking,1,https://github.com/apache/SkyWalking,https://github.com/apache/SkyWalking,https://api.github.com/repos/apache/SkyWalking,TRUE,0,1,0
214,sling,1,https://github.com/apache/Sling,https://github.com/apache/Sling,https://api.github.com/repos/apache/Sling,TRUE,0,0,0
215,solr,1,https://github.com/apache/Solr,https://github.com/apache/Solr,https://api.github.com/repos/apache/Solr,TRUE,0,75,0
216,spamassassin,1,https://github.com/apache/SpamAssassin,https://github.com/apache/SpamAssassin,https://api.github.com/repos/apache/SpamAssassin,TRUE,0,0,0
217,spark,1,https://github.com/apache/Spark,https://github.com/apache/Spark,https://api.github.com/repos/apache/Spark,TRUE,0.069264069,231,16
218,sqoop,1,https://github.com/apache/Sqoop,https://github.com/apache/Sqoop,https://api.github.com/repos/apache/Sqoop,TRUE,0,22,0
219,stanbol,1,https://github.com/apache/Stanbol,https://github.com/apache/Stanbol,https://api.github.com/repos/apache/Stanbol,TRUE,0,15,0
220,stdcxx,1,https://github.com/apache/stdcxx,https://github.com/apache/stdcxx,https://api.github.com/repos/apache/stdcxx,TRUE,0,0,0
221,storm,1,https://github.com/apache/Storm,https://github.com/apache/Storm,https://api.github.com/repos/apache/Storm,TRUE,0.0625,48,3
222,stratos,1,https://github.com/apache/Stratos,https://github.com/apache/Stratos,https://api.github.com/repos/apache/Stratos,TRUE,0.222222222,9,2
223,subversion,1,https://github.com/apache/Subversion,https://github.com/apache/Subversion,https://api.github.com/repos/apache/Subversion,TRUE,0,1,0
224,synapse,1,https://github.com/apache/Synapse,https://github.com/apache/Synapse,https://api.github.com/repos/apache/Synapse,TRUE,0,1,0
225,syncope,1,https://github.com/apache/Syncope,https://github.com/apache/Syncope,https://api.github.com/repos/apache/Syncope,TRUE,0,2,0
226,systemml,1,https://github.com/apache/SystemML,https://github.com/apache/SystemML,https://api.github.com/repos/apache/SystemML,TRUE,0,27,0
227,tajo,1,https://github.com/apache/Tajo,https://github.com/apache/Tajo,https://api.github.com/repos/apache/Tajo,TRUE,0,34,0
228,tapestry,1,https://github.com/apache/Tapestry,https://github.com/apache/tapestry-5,https://api.github.com/repos/apache/tapestry-5,TRUE,0,22,0
229,tez,1,https://github.com/apache/Tez,https://github.com/apache/Tez,https://api.github.com/repos/apache/Tez,TRUE,0,52,0
230,thrift,1,https://github.com/apache/Thrift,https://github.com/apache/Thrift,https://api.github.com/repos/apache/Thrift,TRUE,0,24,0
231,tika,1,https://github.com/apache/Tika,https://github.com/apache/Tika,https://api.github.com/repos/apache/Tika,TRUE,0,49,0
232,tinkerpop,1,https://github.com/apache/TinkerPop,https://github.com/apache/TinkerPop,https://api.github.com/repos/apache/TinkerPop,TRUE,0,9,0
233,tobago,1,https://github.com/apache/Tobago,https://github.com/apache/myfaces-tobago,https://api.github.com/repos/apache/myfaces-tobago,TRUE,0,3,0
234,trafficcontrol,1,https://github.com/apache/TrafficControl,https://github.com/apache/TrafficControl,https://api.github.com/repos/apache/TrafficControl,TRUE,0,76,0
235,trafficserver,1,https://github.com/apache/TrafficServer,https://github.com/apache/TrafficServer,https://api.github.com/repos/apache/TrafficServer,TRUE,0,39,0
236,trafodion,1,https://github.com/apache/Trafodion,https://github.com/apache/Trafodion,https://api.github.com/repos/apache/Trafodion,TRUE,0,24,0
237,trinidad,1,https://github.com/apache/Trinidad,https://github.com/apache/myfaces-trinidad,https://api.github.com/repos/apache/myfaces-trinidad,TRUE,0,2,0
238,tuscany,1,https://github.com/apache/Tuscany,https://github.com/apache/tuscany-sdo,https://api.github.com/repos/apache/tuscany-sdo,TRUE,0,1,0
239,twill,1,https://github.com/apache/Twill,https://github.com/apache/Twill,https://api.github.com/repos/apache/Twill,TRUE,0,3,0
240,uima,1,https://github.com/apache/UIMA,https://github.com/apache/uima-uimaj,https://api.github.com/repos/apache/uima-uimaj,TRUE,0,2,0
241,unomi,1,https://github.com/apache/Unomi,https://github.com/apache/Unomi,https://api.github.com/repos/apache/Unomi,TRUE,0,1,0
242,usergrid,1,https://github.com/apache/Usergrid,https://github.com/apache/Usergrid,https://api.github.com/repos/apache/Usergrid,TRUE,0,21,0
243,vcl,1,https://github.com/apache/VCL,https://github.com/apache/VCL,https://api.github.com/repos/apache/VCL,TRUE,0,3,0
244,vxquery,1,https://github.com/apache/VXQuery,https://github.com/apache/VXQuery,https://api.github.com/repos/apache/VXQuery,TRUE,0,10,0
245,webwork2,1,https://github.com/openwebwork/webwork2,https://github.com/openwebwork/webwork2,https://api.github.com/repos/openwebwork/webwork2,TRUE,0,35,0
246,whirr,1,https://github.com/apache/Whirr,https://github.com/apache/Whirr,https://api.github.com/repos/apache/Whirr,TRUE,0,4,0
247,wicket,1,https://github.com/apache/Wicket,https://github.com/apache/Wicket,https://api.github.com/repos/apache/Wicket,TRUE,0,8,0
248,wink,1,https://github.com/apache/Wink,https://github.com/apache/Wink,https://api.github.com/repos/apache/Wink,TRUE,0,2,0
249,woden,1,https://github.com/apache/Woden,https://github.com/wso2/wso2-axis2,https://api.github.com/repos/wso2/wso2-axis2,TRUE,0,1,0
250,xmlbeans,1,https://github.com/apache/XMLBeans,https://github.com/apache/XMLBeans,https://api.github.com/repos/apache/XMLBeans,TRUE,0,0,0
251,zeppelin,1,https://github.com/apache/Zeppelin,https://github.com/apache/Zeppelin,https://api.github.com/repos/apache/Zeppelin,TRUE,0.011494253,87,1
252,agila,2,https://github.com/apache/Agila,https://github.com/agilasverige/agilasverige_site,https://api.github.com/repos/agilasverige/agilasverige_site,TRUE,0,0,0
253,alois,2,https://github.com/apache/Alois,https://github.com/logintas/alois,https://api.github.com/repos/logintas/alois,TRUE,0,0,0
255,ariatosca,2,https://github.com/apache/AriaTosca,https://github.com/apache/incubator-ariatosca,https://api.github.com/repos/apache/incubator-ariatosca,TRUE,0,1,0
257,axion,2,https://github.com/apache/Axion,https://github.com/apache/ws-axiom,https://api.github.com/repos/apache/ws-axiom,TRUE,0,1,0
259,blur,2,https://github.com/apache/Blur,https://github.com/apache/incubator-retired-blur,https://api.github.com/repos/apache/incubator-retired-blur,TRUE,0,1,0
261,composer,2,https://github.com/apache/Composer,https://github.com/apache/openwhisk-composer,https://api.github.com/repos/apache/openwhisk-composer,TRUE,0,1,0
262,concerted,2,https://github.com/apache/Concerted,https://github.com/apache/incubator-retired-concerted,https://api.github.com/repos/apache/incubator-retired-concerted,TRUE,0,3,0
263,corinthia,2,https://github.com/apache/Corinthia,https://github.com/apache/incubator-retired-corinthia,https://api.github.com/repos/apache/incubator-retired-corinthia,TRUE,0,0,0
264,cotton,2,https://github.com/apache/Cotton,https://github.com/apache/incubator-retired-cotton,https://api.github.com/repos/apache/incubator-retired-cotton,TRUE,0,0,0
266,droids,2,https://github.com/apache/Droids,https://github.com/trickl/trickl-crawler,https://api.github.com/repos/trickl/trickl-crawler,TRUE,0,0,0
267,gearpump,2,https://github.com/apache/Gearpump,https://github.com/gearpump/gearpump,https://api.github.com/repos/gearpump/gearpump,TRUE,0,91,0
268,gossip,2,https://github.com/apache/Gossip,https://github.com/apache/incubator-retired-gossip,https://api.github.com/repos/apache/incubator-retired-gossip,TRUE,0,4,0
270,hdt,2,https://github.com/apache/incubator-retired-hdt,https://github.com/apache/incubator-retired-hdt,https://api.github.com/repos/apache/incubator-retired-hdt,TRUE,0,1,0
273,horn,2,https://github.com/apache/HORN,https://github.com/apache/incubator-retired-horn,https://api.github.com/repos/apache/incubator-retired-horn,TRUE,0,1,0
274,htrace,2,https://github.com/apache/incubator-retired-htrace,https://github.com/apache/incubator-retired-htrace,https://api.github.com/repos/apache/incubator-retired-htrace,TRUE,0,5,0
276,iota,2,https://github.com/apache/iota,https://github.com/apache/incubator-retired-iota,https://api.github.com/repos/apache/incubator-retired-iota,TRUE,0,2,0
279,kalumet,2,https://github.com/apache/Kalumet,https://github.com/apache/Kalumet,https://api.github.com/repos/apache/Kalumet,TRUE,0,0,0
284,mrql,2,https://github.com/apache/MRQL,https://github.com/apache/incubator-retired-mrql,https://api.github.com/repos/apache/incubator-retired-mrql,TRUE,0,1,0
285,nmaven,2,https://github.com/apache/NMaven,https://github.com/apache/maven,https://api.github.com/repos/apache/maven,TRUE,0,60,0
286,npanday,2,https://github.com/apache/NPanday,https://github.com/apache/NPanday,https://api.github.com/repos/apache/NPanday,TRUE,0,1,0
287,odf,2,https://github.com/apache/ODFToolkit,https://github.com/apache/ODFToolkit,https://api.github.com/repos/apache/ODFToolkit,TRUE,0,3,0
289,openaz,2,https://github.com/apache/OpenAz,https://github.com/apache/incubator-retired-openaz,https://api.github.com/repos/apache/incubator-retired-openaz,TRUE,0,3,0
290,photark,2,https://github.com/apache/PhotArk,https://github.com/apache/PhotArk,https://api.github.com/repos/apache/PhotArk,TRUE,0,0,0
291,pirk,2,https://github.com/apache/Pirk,https://github.com/apache/incubator-retired-pirk,https://api.github.com/repos/apache/incubator-retired-pirk,TRUE,0,4,0
292,provisionr,2,https://github.com/apache/Provisionr,https://github.com/apache/incubator-retired-provisionr,https://api.github.com/repos/apache/incubator-retired-provisionr,TRUE,0,0,0
293,quickstep,2,https://github.com/apache/Quickstep,https://github.com/apache/incubator-retired-quickstep,https://api.github.com/repos/apache/incubator-retired-quickstep,TRUE,0,4,0
295,ripple,2,https://github.com/apache/Ripple,https://github.com/apache/incubator-retired-ripple,https://api.github.com/repos/apache/incubator-retired-ripple,TRUE,0,4,0
296,s4,2,https://github.com/apache/S4,https://github.com/apache/incubator-retired-s4,https://api.github.com/repos/apache/incubator-retired-s4,TRUE,0,0,0
297,sirona,2,https://github.com/apache/Sirona,https://github.com/apache/Sirona,https://api.github.com/repos/apache/Sirona,TRUE,0,2,0
298,slider,2,https://github.com/apache/Slider,https://github.com/apache/incubator-retired-slider,https://api.github.com/repos/apache/incubator-retired-slider,TRUE,0,6,0
301,tashi,2,https://github.com/apache/Tashi,https://github.com/apache/Tashi,https://api.github.com/repos/apache/Tashi,TRUE,0,2,0
305,wave,2,https://github.com/apache/Wave,https://github.com/apache/incubator-retired-wave,https://api.github.com/repos/apache/incubator-retired-wave,TRUE,0,2,0
307,xap,2,https://github.com/apache/XAP,https://github.com/xap/xap,https://api.github.com/repos/xap/xap,TRUE,0,20,0
308,xmlbeans-cxx,2,https://github.com/apache/XMLBeans/C++,https://github.com/apache/xmlbeans,https://api.github.com/repos/apache/xmlbeans,TRUE,0,0,0
309,yoko,2,https://github.com/apache/Yoko,https://github.com/apache/geronimo-yoko,https://api.github.com/repos/apache/geronimo-yoko,TRUE,0,0,0
310,zeta,2,https://github.com/apache/ZetaComponents,https://github.com/apache/ZetaComponents,https://api.github.com/repos/apache/ZetaComponents,TRUE,0,1,0
311,zipkin,2,https://github.com/apache/Zipkin,https://github.com/apache/Zipkin,https://api.github.com/repos/apache/Zipkin,TRUE,0,18,0
