,pj_alias,status,pj_github_url,corrected_pj_github_url,pj_github_api_url,correct_url_found,has_hard_fork,ratio_of_duplicate_prs,total_pull_requests,duplicate_prs,total_forks
0,amaterasu,0,https://github.com/apache/incubator-Amaterasu,https://github.com/apache/incubator-Amaterasu,https://api.github.com/repos/apache/incubator-retired-amaterasu,TRUE,FALSE,0,4,0,25
1,annotator,0,https://github.com/apache/incubator-Annotator,https://github.com/apache/incubator-Annotator,https://api.github.com/repos/apache/incubator-Annotator,TRUE,FALSE,0,2,0,37
2,batchee,0,https://github.com/apache/incubator-BatchEE,https://github.com/apache/incubator-BatchEE,https://api.github.com/repos/apache/incubator-BatchEE,TRUE,FALSE,0,6,0,18
3,brpc,0,https://github.com/apache/incubator-BRPC,https://github.com/apache/incubator-BRPC,https://api.github.com/repos/apache/incubator-BRPC,TRUE,FALSE,0,72,0,100
4,crail,0,https://github.com/apache/incubator-Crail,https://github.com/apache/incubator-Crail,https://api.github.com/repos/apache/incubator-Crail,TRUE,FALSE,0,2,0,43
5,daffodil,0,https://github.com/apache/incubator-Daffodil,https://github.com/apache/incubator-Daffodil,https://api.github.com/repos/apache/incubator-Daffodil,TRUE,FALSE,0,14,0,52
6,datasketches,0,https://github.com/apache/incubator-DataSketches,https://github.com/apache/incubator-DataSketches,https://api.github.com/repos/apache/incubator-DataSketches,TRUE,FALSE,0,0,0,6
7,dlab,0,https://github.com/apache/incubator-DLab,https://github.com/apache/incubator-DLab,https://api.github.com/repos/apache/incubator-DLab,TRUE,FALSE,0,9,0,41
8,dolphinscheduler,0,https://github.com/apache/incubator-DolphinScheduler,https://github.com/apache/incubator-DolphinScheduler,https://api.github.com/repos/apache/incubator-DolphinScheduler,TRUE,FALSE,0,69,0,100
9,doris,0,https://github.com/apache/incubator-Doris,https://github.com/apache/incubator-Doris,https://api.github.com/repos/apache/incubator-Doris,TRUE,FALSE,0.15,100,15,100
10,druid,0,https://github.com/apache/incubator-Druid,https://github.com/apache/incubator-Druid,https://api.github.com/repos/apache/incubator-Druid,TRUE,FALSE,0.03,100,3,100
11,echarts,0,https://github.com/apache/incubator-ECharts,https://github.com/apache/incubator-ECharts,https://api.github.com/repos/apache/incubator-ECharts,TRUE,FALSE,0.074626866,67,5,100
12,edgent,0,https://github.com/apache/incubator-Edgent,https://github.com/apache/incubator-Edgent,https://api.github.com/repos/apache/incubator-Edgent,TRUE,FALSE,0,5,0,100
13,flagon,0,https://github.com/apache/incubator-Flagon,https://github.com/apache/incubator-Flagon,https://api.github.com/repos/apache/incubator-Flagon,TRUE,FALSE,0,1,0,11
14,gobblin,0,https://github.com/apache/incubator-Gobblin,https://github.com/apache/incubator-Gobblin,https://api.github.com/repos/apache/incubator-Gobblin,TRUE,FALSE,0.164948454,97,16,100
15,heron,0,https://github.com/apache/incubator-Heron,https://github.com/apache/incubator-Heron,https://api.github.com/repos/apache/incubator-Heron,TRUE,FALSE,0.024390244,41,1,100
16,hivemall,0,https://github.com/apache/incubator-Hivemall,https://github.com/apache/incubator-Hivemall,https://api.github.com/repos/apache/incubator-Hivemall,TRUE,FALSE,0,7,0,100
17,hudi,0,https://github.com/apache/incubator-Hudi,https://github.com/apache/incubator-Hudi,https://api.github.com/repos/apache/incubator-Hudi,TRUE,FALSE,0.26,100,26,100
18,iceberg,0,https://github.com/apache/incubator-Iceberg,https://github.com/apache/incubator-Iceberg,https://api.github.com/repos/apache/incubator-Iceberg,TRUE,FALSE,0.05,100,5,100
19,iotdb,0,https://github.com/apache/incubator-IoTDB,https://github.com/apache/incubator-IoTDB,https://api.github.com/repos/apache/incubator-IoTDB,TRUE,FALSE,0.173913043,46,8,100
20,livy,0,https://github.com/apache/incubator-Livy,https://github.com/apache/incubator-Livy,https://api.github.com/repos/apache/incubator-Livy,TRUE,FALSE,0.061728395,81,5,100
21,marvin,0,https://github.com/apache/incubator-Marvin-AI,https://github.com/apache/incubator-marvin,https://api.github.com/repos/apache/incubator-marvin,TRUE,FALSE,0,3,0,32
22,milagro,0,https://github.com/apache/incubator-Milagro,https://github.com/apache/incubator-Milagro,https://api.github.com/repos/apache/incubator-Milagro,TRUE,FALSE,0,0,0,11
23,mxnet,0,https://github.com/apache/incubator-MXNet,https://github.com/apache/incubator-MXNet,https://api.github.com/repos/apache/incubator-MXNet,TRUE,FALSE,0,100,0,100
24,myriad,0,https://github.com/apache/incubator-Myriad,https://github.com/apache/incubator-Myriad,https://api.github.com/repos/apache/incubator-Myriad,TRUE,FALSE,0,8,0,73
25,nemo,0,https://github.com/apache/incubator-Nemo,https://github.com/apache/incubator-Nemo,https://api.github.com/repos/apache/incubator-Nemo,TRUE,FALSE,0,12,0,58
26,omid,0,https://github.com/apache/incubator-Omid,https://github.com/apache/incubator-Omid,https://api.github.com/repos/apache/incubator-Omid,TRUE,FALSE,0,13,0,43
27,pagespeed,0,https://github.com/apache/incubator-PageSpeed,https://github.com/apache/incubator-pagespeed-ngx,https://api.github.com/repos/apache/incubator-pagespeed-ngx,TRUE,FALSE,0,1,0,100
28,pinot,0,https://github.com/apache/incubator-Pinot,https://github.com/apache/incubator-Pinot,https://api.github.com/repos/apache/incubator-Pinot,TRUE,FALSE,0.119047619,84,10,100
29,ponymail,0,https://github.com/apache/incubator-PonyMail,https://github.com/apache/incubator-PonyMail,https://api.github.com/repos/apache/incubator-PonyMail,TRUE,FALSE,0,8,0,36
30,ratis,0,https://github.com/apache/incubator-Ratis,https://github.com/apache/incubator-Ratis,https://api.github.com/repos/apache/incubator-Ratis,TRUE,FALSE,0,26,0,100
31,rya,0,https://github.com/apache/incubator-Rya,https://github.com/apache/incubator-Rya,https://api.github.com/repos/apache/incubator-Rya,TRUE,FALSE,0,14,0,77
32,s2graph,0,https://github.com/apache/incubator-S2Graph,https://github.com/apache/incubator-S2Graph,https://api.github.com/repos/apache/incubator-S2Graph,TRUE,FALSE,0,17,0,65
33,samoa,0,https://github.com/apache/incubator-SAMOA,https://github.com/apache/incubator-SAMOA,https://api.github.com/repos/apache/incubator-SAMOA,TRUE,FALSE,0,13,0,100
34,sdap,0,https://github.com/apache/incubator-SDAP,https://github.com/apache/incubator-sdap-nexus,https://api.github.com/repos/apache/incubator-sdap-nexus,TRUE,FALSE,0,5,0,26
35,shardingsphere,0,https://github.com/apache/incubator-ShardingSphere,https://github.com/apache/incubator-ShardingSphere,https://api.github.com/repos/apache/shardingsphere,TRUE,FALSE,0,10,0,100
36,singa,0,https://github.com/apache/incubator-SINGA,https://github.com/apache/incubator-SINGA,https://api.github.com/repos/apache/singa,TRUE,FALSE,0,21,0,100
37,spot,0,https://github.com/apache/incubator-Spot,https://github.com/apache/incubator-Spot,https://api.github.com/repos/apache/incubator-Spot,TRUE,FALSE,0,6,0,100
38,superset,0,https://github.com/apache/incubator-Superset,https://github.com/apache/incubator-Superset,https://api.github.com/repos/apache/incubator-Superset,TRUE,FALSE,0,100,0,100
39,tamaya,0,https://github.com/apache/incubator-Tamaya,https://github.com/apache/incubator-Tamaya,https://api.github.com/repos/apache/incubator-Tamaya,TRUE,FALSE,0,0,0,34
40,taverna,0,https://github.com/apache/incubator-Taverna,https://github.com/apache/incubator-taverna-workbench,https://api.github.com/repos/apache/incubator-taverna-workbench,TRUE,FALSE,0,2,0,10
41,tephra,0,https://github.com/apache/incubator-Tephra,https://github.com/apache/incubator-Tephra,https://api.github.com/repos/apache/incubator-Tephra,TRUE,FALSE,0,3,0,50
42,toree,0,https://github.com/apache/incubator-Toree,https://github.com/apache/incubator-Toree,https://api.github.com/repos/apache/incubator-Toree,TRUE,FALSE,0,13,0,100
43,training,0,https://github.com/apache/incubator-Training,https://github.com/apache/incubator-Training,https://api.github.com/repos/apache/incubator-Training,TRUE,FALSE,0,0,0,22
44,tuweni,0,https://github.com/apache/incubator-Tuweni,https://github.com/apache/incubator-Tuweni,https://api.github.com/repos/apache/incubator-Tuweni,TRUE,FALSE,0,3,0,50
45,bloodhound,1,https://github.com/apache/Bloodhound,https://github.com/apache/Bloodhound,https://api.github.com/repos/apache/Bloodhound,TRUE,FALSE,0,0,0,33
46,tvm,0,https://github.com/apache/incubator-TVM,https://github.com/apache/incubator-TVM,https://api.github.com/repos/apache/incubator-TVM,TRUE,FALSE,0.01,100,1,100
47,warble,0,https://github.com/apache/incubator-Warble,https://github.com/apache/incubator-warble-server,https://api.github.com/repos/apache/incubator-warble-server,TRUE,,0,0,0,1
48,weex,0,https://github.com/apache/incubator-Weex,https://github.com/apache/incubator-Weex,https://api.github.com/repos/apache/incubator-Weex,TRUE,FALSE,0,16,0,100
49,abdera,1,https://github.com/apache/Abdera,https://github.com/apache/Abdera,https://api.github.com/repos/apache/Abdera,TRUE,FALSE,0,4,0,24
50,accumulo,1,https://github.com/apache/Accumulo,https://github.com/apache/Accumulo,https://api.github.com/repos/apache/Accumulo,TRUE,FALSE,0,33,0,100
51,ace,1,https://github.com/apache/ACE,https://github.com/apache/ACE,https://api.github.com/repos/apache/ACE,TRUE,FALSE,0,4,0,23
52,activemq,1,https://github.com/apache/ActiveMQ,https://github.com/apache/ActiveMQ,https://api.github.com/repos/apache/ActiveMQ,TRUE,FALSE,0.025641026,39,1,100
53,airavata,1,https://github.com/apache/Airavata,https://github.com/apache/Airavata,https://api.github.com/repos/apache/Airavata,TRUE,FALSE,0.069767442,43,3,100
54,airflow,1,https://github.com/apache/Airflow,https://github.com/apache/Airflow,https://api.github.com/repos/apache/Airflow,TRUE,FALSE,0.01,100,1,100
55,allura,1,https://github.com/apache/Allura,https://github.com/apache/Allura,https://api.github.com/repos/apache/Allura,TRUE,FALSE,0,0,0,29
56,ambari,1,https://github.com/apache/Ambari,https://github.com/apache/Ambari,https://api.github.com/repos/apache/Ambari,TRUE,FALSE,0,62,0,100
57,oltu,1,https://github.com/apache/Amber,https://github.com/amberframework/amber,https://api.github.com/repos/amberframework/amber,TRUE,FALSE,0,5,0,100
58,any23,1,https://github.com/apache/Any23,https://github.com/apache/Any23,https://api.github.com/repos/apache/Any23,TRUE,FALSE,0,5,0,54
59,apex,1,https://github.com/apache/Apex,https://github.com/apache/apex-core,https://api.github.com/repos/apache/apex-core,TRUE,FALSE,0,2,0,100
60,apollo,1,https://github.com/apache/Apollo,https://github.com/apache/activemq-apollo,https://api.github.com/repos/apache/activemq-apollo,TRUE,FALSE,0,0,0,73
61,aries,1,https://github.com/apache/Aries,https://github.com/apache/Aries,https://api.github.com/repos/apache/Aries,TRUE,FALSE,0,10,0,100
62,asterixdb,1,https://github.com/apache/AsterixDB,https://github.com/apache/AsterixDB,https://api.github.com/repos/apache/AsterixDB,TRUE,FALSE,0,5,0,100
63,atlas,1,https://github.com/apache/Atlas,https://github.com/apache/Atlas,https://api.github.com/repos/apache/Atlas,TRUE,FALSE,0,52,0,100
64,aurora,1,https://github.com/apache/Aurora,https://github.com/apache/Aurora,https://api.github.com/repos/apache/Aurora,TRUE,FALSE,0,5,0,100
65,beam,1,https://github.com/apache/Beam,https://github.com/apache/Beam,https://api.github.com/repos/apache/Beam,TRUE,FALSE,0.16,100,16,100
66,bval,1,https://github.com/apache/bval,https://github.com/apache/bval,https://api.github.com/repos/apache/bval,TRUE,FALSE,0,0,0,27
67,beehive,1,https://github.com/apache/Beehive,https://github.com/apache/hive,https://api.github.com/repos/apache/hive,TRUE,FALSE,0.011363636,88,1,100
68,bigtop,1,https://github.com/apache/Bigtop,https://github.com/apache/Bigtop,https://api.github.com/repos/apache/Bigtop,TRUE,FALSE,0,100,0,100
69,brooklyn,1,https://github.com/apache/Brooklyn,https://github.com/apache/Brooklyn,https://api.github.com/repos/apache/Brooklyn,TRUE,FALSE,0,4,0,64
70,buildr,1,https://github.com/apache/Buildr,https://github.com/apache/Buildr,https://api.github.com/repos/apache/Buildr,TRUE,FALSE,0,1,0,68
71,calcite,1,https://github.com/apache/Calcite,https://github.com/apache/Calcite,https://api.github.com/repos/apache/Calcite,TRUE,FALSE,0.02,100,2,100
72,carbondata,1,https://github.com/apache/CarbonData,https://github.com/apache/CarbonData,https://api.github.com/repos/apache/CarbonData,TRUE,FALSE,0.25,100,25,100
73,cassandra,1,https://github.com/apache/Cassandra,https://github.com/apache/Cassandra,https://api.github.com/repos/apache/Cassandra,TRUE,FALSE,0.05,100,5,100
74,cayenne,1,https://github.com/apache/Cayenne,https://github.com/apache/Cayenne,https://api.github.com/repos/apache/Cayenne,TRUE,FALSE,0,29,0,100
75,celix,1,https://github.com/apache/Celix,https://github.com/apache/Celix,https://api.github.com/repos/apache/Celix,TRUE,FALSE,0,7,0,66
76,chemistry,1,https://github.com/apache/Chemistry,https://github.com/apache/Chemistry,https://api.github.com/repos/apache/Chemistry,TRUE,FALSE,0,0,0,8
77,chukwa,1,https://github.com/apache/Chukwa,https://github.com/apache/Chukwa,https://api.github.com/repos/apache/Chukwa,TRUE,FALSE,0,3,0,44
78,clerezza,1,https://github.com/apache/Clerezza,https://github.com/apache/Clerezza,https://api.github.com/repos/apache/Clerezza,TRUE,FALSE,0,4,0,27
79,click,1,https://github.com/apache/Click,https://github.com/apache/Click,https://api.github.com/repos/apache/Click,TRUE,FALSE,,0,0,10
80,cloudstack,1,https://github.com/apache/CloudStack,https://github.com/apache/CloudStack,https://api.github.com/repos/apache/CloudStack,TRUE,FALSE,0.18,100,18,100
81,commonsrdf,1,https://github.com/apache/CommonsRDF,https://github.com/apache/commons-rdf,https://api.github.com/repos/apache/commons-rdf,TRUE,FALSE,0,14,0,37
82,cordova,1,https://github.com/apache/Cordova,https://github.com/apache/Cordova,https://api.github.com/repos/apache/Cordova,TRUE,FALSE,0,1,0,42
83,couchdb,1,https://github.com/apache/CouchDB,https://github.com/apache/CouchDB,https://api.github.com/repos/apache/CouchDB,TRUE,FALSE,0.05,20,1,100
84,crunch,1,https://github.com/apache/Crunch,https://github.com/apache/Crunch,https://api.github.com/repos/apache/Crunch,TRUE,FALSE,0,4,0,83
86,curator,1,https://github.com/apache/Curator,https://github.com/apache/Curator,https://api.github.com/repos/apache/Curator,TRUE,FALSE,0,47,0,100
87,cxf,1,https://github.com/apache/CXF,https://github.com/apache/CXF,https://api.github.com/repos/apache/CXF,TRUE,FALSE,0,40,0,100
88,datafu,1,https://github.com/apache/DataFu,https://github.com/apache/DataFu,https://api.github.com/repos/apache/DataFu,TRUE,FALSE,0,2,0,58
89,deltacloud,1,https://github.com/apache/Deltacloud,https://github.com/apache/Deltacloud,https://api.github.com/repos/apache/Deltacloud,TRUE,FALSE,0,3,0,24
90,deltaspike,1,https://github.com/apache/DeltaSpike,https://github.com/apache/DeltaSpike,https://api.github.com/repos/apache/DeltaSpike,TRUE,FALSE,0,6,0,100
91,derby,1,https://github.com/apache/Derby,https://github.com/apache/Derby,https://api.github.com/repos/apache/Derby,TRUE,FALSE,0,7,0,100
92,devicemap,1,https://github.com/apache/DeviceMap,https://github.com/apache/devicemap-browsermap,https://api.github.com/repos/apache/devicemap-browsermap,TRUE,FALSE,0,0,0,6
93,directmemory,1,https://github.com/apache/DirectMemory,https://github.com/apache/DirectMemory,https://api.github.com/repos/apache/DirectMemory,TRUE,FALSE,0,3,0,26
94,directory,1,https://github.com/apache/Directory,https://github.com/apache/directory-project,https://api.github.com/repos/apache/directory-project,TRUE,FALSE,0,0,0,3
95,distributedlog,1,https://github.com/apache/DistributedLog,https://github.com/apache/DistributedLog,https://api.github.com/repos/apache/DistributedLog,TRUE,FALSE,0,3,0,71
96,drill,1,https://github.com/apache/Drill,https://github.com/apache/Drill,https://api.github.com/repos/apache/Drill,TRUE,FALSE,0.0625,64,4,100
97,dubbo,1,https://github.com/apache/Dubbo,https://github.com/apache/Dubbo,https://api.github.com/repos/apache/Dubbo,TRUE,FALSE,0.073170732,41,3,100
98,eagle,1,https://github.com/apache/Eagle,https://github.com/apache/Eagle,https://api.github.com/repos/apache/Eagle,TRUE,FALSE,0,11,0,100
99,easyant,1,https://github.com/apache/EasyAnt,https://github.com/apache/ant-easyant-core,https://api.github.com/repos/apache/ant-easyant-core,TRUE,FALSE,0,0,0,8
100,empire,1,https://github.com/apache/Empire-db,https://github.com/apache/Empire-db,https://api.github.com/repos/apache/Empire-db,TRUE,FALSE,0,8,0,22
101,esme,1,https://github.com/apache/ESME,https://github.com/apache/ESME,https://api.github.com/repos/apache/ESME,TRUE,FALSE,0,0,0,12
102,etch,1,https://github.com/apache/Etch,https://github.com/apache/Etch,https://api.github.com/repos/apache/Etch,TRUE,FALSE,0,0,0,9
103,falcon,1,https://github.com/apache/Falcon,https://github.com/apache/Falcon,https://api.github.com/repos/apache/Falcon,TRUE,FALSE,0,14,0,100
104,felix,1,https://github.com/apache/Felix,https://github.com/apache/Felix,https://api.github.com/repos/apache/Felix,TRUE,FALSE,0,59,0,100
105,fineract,1,https://github.com/apache/Fineract,https://github.com/apache/Fineract,https://api.github.com/repos/apache/Fineract,TRUE,FALSE,0,14,0,100
106,flex,1,https://github.com/apache/Flex,https://github.com/apache/flex-sdk,https://api.github.com/repos/apache/flex-sdk,TRUE,FALSE,0,5,0,100
107,flink,1,https://github.com/apache/Flink,https://github.com/apache/Flink,https://api.github.com/repos/apache/Flink,TRUE,FALSE,0,100,0,100
108,flume,1,https://github.com/apache/Flume,https://github.com/apache/Flume,https://api.github.com/repos/apache/Flume,TRUE,FALSE,0.11,100,11,100
109,fluo,1,https://github.com/apache/Fluo,https://github.com/apache/Fluo,https://api.github.com/repos/apache/Fluo,TRUE,FALSE,0,3,0,74
110,freemarker,1,https://github.com/apache/FreeMarker,https://github.com/apache/FreeMarker,https://api.github.com/repos/apache/FreeMarker,TRUE,FALSE,0,4,0,100
111,ftpserver,1,https://github.com/apache/FtpServer,https://github.com/apache/FtpServer,https://api.github.com/repos/apache/FtpServer,TRUE,FALSE,0,2,0,53
112,geode,1,https://github.com/apache/Geode,https://github.com/apache/Geode,https://api.github.com/repos/apache/Geode,TRUE,FALSE,0.117647059,51,6,100
113,geronimo,1,https://github.com/apache/Geronimo,https://github.com/apache/Geronimo,https://api.github.com/repos/apache/Geronimo,TRUE,FALSE,0,5,0,22
114,giraph,1,https://github.com/apache/Giraph,https://github.com/apache/Giraph,https://api.github.com/repos/apache/Giraph,TRUE,FALSE,0,26,0,100
115,gora,1,https://github.com/apache/Gora,https://github.com/apache/Gora,https://api.github.com/repos/apache/Gora,TRUE,FALSE,0,20,0,100
116,griffin,1,https://github.com/apache/Griffin,https://github.com/apache/Griffin,https://api.github.com/repos/apache/Griffin,TRUE,FALSE,0,0,0,100
117,groovy,1,https://github.com/apache/Groovy,https://github.com/apache/Groovy,https://api.github.com/repos/apache/Groovy,TRUE,FALSE,0,23,0,100
118,guacamole,1,https://github.com/apache/Guacamole,https://github.com/apache/guacamole-server,https://api.github.com/repos/apache/guacamole-server,TRUE,FALSE,0,19,0,100
119,hama,1,https://github.com/apache/Hama,https://github.com/apache/Hama,https://api.github.com/repos/apache/Hama,TRUE,FALSE,0,2,0,72
120,harmony,1,https://github.com/apache/Harmony,https://github.com/apache/Harmony,https://api.github.com/repos/apache/Harmony,TRUE,FALSE,0,0,0,36
121,hawq,1,https://github.com/apache/HAWQ,https://github.com/apache/HAWQ,https://api.github.com/repos/apache/HAWQ,TRUE,FALSE,0,9,0,100
122,hcatalog,1,https://github.com/apache/HCatalog,https://github.com/apache/HCatalog,https://api.github.com/repos/apache/HCatalog,TRUE,FALSE,0,0,0,42
123,helix,1,https://github.com/apache/Helix,https://github.com/apache/Helix,https://api.github.com/repos/apache/Helix,TRUE,FALSE,0,2,0,100
124,hermes,1,https://github.com/apache/Hermes,https://github.com/allegro/hermes,https://api.github.com/repos/allegro/hermes,TRUE,FALSE,0,0,0,100
125,httpd-cli,1,https://github.com/apache/httpd-CLI,https://github.com/apache/httpd,https://api.github.com/repos/apache/httpd,TRUE,FALSE,0.027777778,36,1,100
126,ibatis,1,https://github.com/apache/iBATIS,https://github.com/mybatis/mybatis-3,https://api.github.com/repos/mybatis/mybatis-3,TRUE,FALSE,0,0,0,100
127,ignite,1,https://github.com/apache/Ignite,https://github.com/apache/Ignite,https://api.github.com/repos/apache/Ignite,TRUE,FALSE,0.2,100,20,100
128,impala,1,https://github.com/apache/Impala,https://github.com/apache/Impala,https://api.github.com/repos/apache/Impala,TRUE,FALSE,0,3,0,100
129,isis,1,https://github.com/apache/Isis,https://github.com/apache/Isis,https://api.github.com/repos/apache/Isis,TRUE,FALSE,0,4,0,100
130,ivy,1,https://github.com/apache/Ivy,https://github.com/apache/ant-ivy,https://api.github.com/repos/apache/ant-ivy,TRUE,FALSE,0,11,0,95
131,jackrabbit,1,https://github.com/apache/Jackrabbit,https://github.com/apache/Jackrabbit,https://api.github.com/repos/apache/Jackrabbit,TRUE,FALSE,0,34,0,100
133,jclouds,1,https://github.com/apache/jclouds,https://github.com/apache/jclouds,https://api.github.com/repos/apache/jclouds,TRUE,FALSE,0,5,0,96
134,jdo,1,https://github.com/apache/JDO,https://github.com/apache/db-jdo,https://api.github.com/repos/apache/db-jdo,TRUE,FALSE,0,2,0,5
135,jena,1,https://github.com/apache/Jena,https://github.com/apache/Jena,https://api.github.com/repos/apache/Jena,TRUE,FALSE,0,4,0,100
136,johnzon,1,https://github.com/apache/Johnzon,https://github.com/apache/Johnzon,https://api.github.com/repos/apache/Johnzon,TRUE,FALSE,0.111111111,18,2,59
137,joshua,1,https://github.com/apache/Joshua,https://github.com/apache/Joshua,https://api.github.com/repos/apache/Joshua,TRUE,FALSE,0,2,0,63
138,jspwiki,1,https://github.com/apache/JSPWiki,https://github.com/apache/JSPWiki,https://api.github.com/repos/apache/JSPWiki,TRUE,FALSE,0,1,0,81
139,juddi,1,https://github.com/apache/jUDDI,https://github.com/apache/jUDDI,https://api.github.com/repos/apache/jUDDI,TRUE,FALSE,0,0,0,18
140,juneau,1,https://github.com/apache/Juneau,https://github.com/apache/Juneau,https://api.github.com/repos/apache/Juneau,TRUE,FALSE,0,2,0,38
141,kafka,1,https://github.com/apache/Kafka,https://github.com/apache/Kafka,https://api.github.com/repos/apache/Kafka,TRUE,FALSE,0.01,100,1,100
142,knox,1,https://github.com/apache/Knox,https://github.com/apache/Knox,https://api.github.com/repos/apache/Knox,TRUE,FALSE,0,12,0,100
143,kudu,1,https://github.com/apache/Kudu,https://github.com/apache/Kudu,https://api.github.com/repos/apache/Kudu,TRUE,FALSE,0,6,0,100
144,kylin,1,https://github.com/apache/Kylin,https://github.com/apache/Kylin,https://api.github.com/repos/apache/Kylin,TRUE,FALSE,0.095238095,42,4,100
145,lens,1,https://github.com/apache/Lens,https://github.com/apache/Lens,https://api.github.com/repos/apache/Lens,TRUE,FALSE,0.230769231,13,3,97
146,lenya,1,https://github.com/apache/Lenya,https://github.com/apache/Lenya,https://api.github.com/repos/apache/Lenya,TRUE,FALSE,0,0,0,10
147,libcloud,1,https://github.com/apache/Libcloud,https://github.com/apache/Libcloud,https://api.github.com/repos/apache/Libcloud,TRUE,FALSE,0,17,0,100
148,log4cxx,1,https://github.com/apache/log4cxx,https://github.com/apache/log4cxx,https://api.github.com/repos/apache/log4cxx,TRUE,,0,0,0,0
150,log4net,1,https://github.com/apache/log4net,https://github.com/apache/logging-log4net,https://api.github.com/repos/apache/logging-log4net,TRUE,FALSE,0,0,0,100
151,log4php,1,https://github.com/apache/Log4php,https://github.com/apache/logging-log4php,https://api.github.com/repos/apache/logging-log4php,TRUE,FALSE,0,5,0,67
152,lucenenet,1,https://github.com/apache/Lucene.NET,https://github.com/apache/Lucene.NET,https://api.github.com/repos/apache/Lucene.NET,TRUE,FALSE,0,4,0,100
153,lucy,1,https://github.com/apache/Lucy,https://github.com/apache/Lucy,https://api.github.com/repos/apache/Lucy,TRUE,FALSE,0,1,0,28
154,madlib,1,https://github.com/apache/MADlib,https://github.com/apache/MADlib,https://api.github.com/repos/apache/MADlib,TRUE,FALSE,0,1,0,100
155,manifoldcf,1,https://github.com/apache/ManifoldCF,https://github.com/apache/ManifoldCF,https://api.github.com/repos/apache/ManifoldCF,TRUE,FALSE,0,13,0,57
156,marmotta,1,https://github.com/apache/Marmotta,https://github.com/apache/Marmotta,https://api.github.com/repos/apache/Marmotta,TRUE,FALSE,0,9,0,55
158,mesos,1,https://github.com/apache/Mesos,https://github.com/apache/Mesos,https://api.github.com/repos/apache/Mesos,TRUE,FALSE,0,20,0,100
159,metamodel,1,https://github.com/apache/MetaModel,https://github.com/apache/MetaModel,https://api.github.com/repos/apache/MetaModel,TRUE,FALSE,6.666666667,3,20,100
160,metron,1,https://github.com/apache/Metron,https://github.com/apache/Metron,https://api.github.com/repos/apache/Metron,TRUE,FALSE,0,24,0,100
161,mnemonic,1,https://github.com/apache/Mnemonic,https://github.com/apache/Mnemonic,https://api.github.com/repos/apache/Mnemonic,TRUE,FALSE,0,1,0,58
162,mod_ftp,1,https://github.com/apache/mod_ftp,https://github.com/OutOfOrder/mod_ftpd,https://api.github.com/repos/OutOfOrder/mod_ftpd,TRUE,,0,0,0,0
163,mrunit,1,https://github.com/apache/MRUnit,https://github.com/apache/MRUnit,https://api.github.com/repos/apache/MRUnit,TRUE,FALSE,0,1,0,27
165,myfaces,1,https://github.com/apache/MyFaces,https://github.com/apache/MyFaces,https://api.github.com/repos/apache/MyFaces,TRUE,FALSE,0,0,0,52
166,mynewt,1,https://github.com/apache/Mynewt,https://github.com/apache/mynewt-core,https://api.github.com/repos/apache/mynewt-core,TRUE,FALSE,0,17,0,100
167,netbeans,1,https://github.com/apache/NetBeans,https://github.com/apache/NetBeans,https://api.github.com/repos/apache/NetBeans,TRUE,FALSE,0,98,0,100
168,nifi,1,https://github.com/apache/NiFi,https://github.com/apache/NiFi,https://api.github.com/repos/apache/NiFi,TRUE,FALSE,0.037037037,81,3,100
169,nutch,1,https://github.com/apache/Nutch,https://github.com/apache/Nutch,https://api.github.com/repos/apache/Nutch,TRUE,FALSE,0,15,0,100
170,streams,1,https://github.com/apache/Streams,https://github.com/apache/Streams,https://api.github.com/repos/apache/Streams,TRUE,FALSE,0,0,0,41
171,nuvem,1,https://github.com/apache/Nuvem,https://github.com/apache/Nuvem,https://api.github.com/repos/apache/Nuvem,TRUE,FALSE,0,0,0,5
172,ode,1,https://github.com/apache/Ode,https://github.com/apache/Ode,https://api.github.com/repos/apache/Ode,TRUE,FALSE,0,2,0,58
173,ofbiz,1,https://github.com/apache/OFBiz,https://github.com/apache/OFBiz,https://api.github.com/repos/apache/OFBiz,TRUE,FALSE,0,12,0,100
174,ognl,1,https://github.com/apache/OGNL,https://github.com/apache/commons-ognl,https://api.github.com/repos/apache/commons-ognl,TRUE,FALSE,0,1,0,33
175,olingo,1,https://github.com/apache/Olingo,https://github.com/apache/olingo-odata4,https://api.github.com/repos/apache/olingo-odata4,TRUE,FALSE,0,20,0,100
176,onami,1,https://github.com/apache/Onami,https://github.com/apache/Onami,https://api.github.com/repos/apache/Onami,TRUE,FALSE,0,0,0,3
177,oodt,1,https://github.com/apache/OODT,https://github.com/apache/OODT,https://api.github.com/repos/apache/OODT,TRUE,FALSE,0,3,0,59
178,oozie,1,https://github.com/apache/Oozie,https://github.com/apache/Oozie,https://api.github.com/repos/apache/Oozie,TRUE,FALSE,0,34,0,100
179,climate,1,https://github.com/apache/climate,https://github.com/apache/climate,https://api.github.com/repos/apache/climate,TRUE,FALSE,0,5,0,100
180,openejb,1,https://github.com/apache/OpenEJB,https://github.com/apache/OpenEJB,https://api.github.com/repos/apache/OpenEJB,TRUE,FALSE,0,0,0,27
181,openjpa,1,https://github.com/apache/OpenJPA,https://github.com/apache/OpenJPA,https://api.github.com/repos/apache/OpenJPA,TRUE,FALSE,0,12,0,97
182,openmeetings,1,https://github.com/apache/Openmeetings,https://github.com/apache/Openmeetings,https://api.github.com/repos/apache/Openmeetings,TRUE,FALSE,0,3,0,100
183,opennlp,1,https://github.com/apache/OpenNLP,https://github.com/apache/OpenNLP,https://api.github.com/repos/apache/OpenNLP,TRUE,FALSE,0,18,0,100
184,openoffice,1,https://github.com/apache/OpenOffice.org,https://github.com/apache/openoffice,https://api.github.com/repos/apache/openoffice,TRUE,FALSE,0,12,0,100
185,openwebbeans,1,https://github.com/apache/OpenWebBeans,https://github.com/apache/OpenWebBeans,https://api.github.com/repos/apache/OpenWebBeans,TRUE,FALSE,0,0,0,45
186,openwhisk,1,https://github.com/apache/OpenWhisk,https://github.com/apache/OpenWhisk,https://api.github.com/repos/apache/OpenWhisk,TRUE,FALSE,0,36,0,100
187,parquet,1,https://github.com/apache/Parquet,https://github.com/apache/parquet-mr,https://api.github.com/repos/apache/parquet-mr,TRUE,FALSE,0.06185567,97,6,100
188,pdfbox,1,https://github.com/apache/PDFBox,https://github.com/apache/PDFBox,https://api.github.com/repos/apache/PDFBox,TRUE,FALSE,0,19,0,100
189,phoenix,1,https://github.com/apache/Phoenix,https://github.com/apache/Phoenix,https://api.github.com/repos/apache/Phoenix,TRUE,FALSE,0.06,100,6,100
190,pig,1,https://github.com/apache/Pig,https://github.com/apache/Pig,https://api.github.com/repos/apache/Pig,TRUE,FALSE,0,7,0,100
191,pivot,1,https://github.com/apache/Pivot,https://github.com/apache/Pivot,https://api.github.com/repos/apache/Pivot,TRUE,FALSE,0,0,0,27
192,plc4x,1,https://github.com/apache/PLC4X,https://github.com/apache/PLC4X,https://api.github.com/repos/apache/PLC4X,TRUE,FALSE,0,14,0,100
193,pluto,1,https://github.com/apache/Pluto,https://github.com/apache/Pluto,https://api.github.com/repos/apache/Pluto,TRUE,FALSE,0,1,0,9
194,predictionio,1,https://github.com/apache/PredictionIO,https://github.com/apache/PredictionIO,https://api.github.com/repos/apache/PredictionIO,TRUE,FALSE,0,17,0,100
195,pulsar,1,https://github.com/apache/Pulsar,https://github.com/apache/Pulsar,https://api.github.com/repos/apache/Pulsar,TRUE,FALSE,0,100,0,100
196,qpid,1,https://github.com/apache/Qpid,https://github.com/apache/Qpid,https://api.github.com/repos/apache/Qpid,TRUE,FALSE,0,1,0,84
197,wookie,1,https://github.com/apache/Wookie,https://github.com/apache/Wookie,https://api.github.com/repos/apache/Wookie,TRUE,FALSE,0,1,0,9
198,ranger,1,https://github.com/apache/Ranger,https://github.com/apache/Ranger,https://api.github.com/repos/apache/Ranger,TRUE,FALSE,0,80,0,100
199,rat,1,https://github.com/apache/RAT,https://github.com/apache/creadur-rat,https://api.github.com/repos/apache/creadur-rat,TRUE,FALSE,0,6,0,25
200,rave,1,https://github.com/apache/Rave,https://github.com/apache/Rave,https://api.github.com/repos/apache/Rave,TRUE,FALSE,0,0,0,14
201,reef,1,https://github.com/apache/REEF,https://github.com/apache/REEF,https://api.github.com/repos/apache/REEF,TRUE,FALSE,3.666666667,6,22,100
202,river,1,https://github.com/apache/River,https://github.com/apache/river-container,https://api.github.com/repos/apache/river-container,TRUE,FALSE,0,0,0,5
203,rocketmq,1,https://github.com/apache/RocketMQ,https://github.com/apache/RocketMQ,https://api.github.com/repos/apache/RocketMQ,TRUE,FALSE,0.05,100,5,100
204,roller,1,https://github.com/apache/Roller,https://github.com/apache/Roller,https://api.github.com/repos/apache/Roller,TRUE,FALSE,0,2,0,100
205,samza,1,https://github.com/apache/Samza,https://github.com/apache/Samza,https://api.github.com/repos/apache/Samza,TRUE,FALSE,0.024390244,41,1,100
206,sanselan,1,https://github.com/apache/Sanselan,https://github.com/apache/Sanselan,https://api.github.com/repos/apache/Sanselan,TRUE,FALSE,0,1,0,17
207,sentry,1,https://github.com/apache/Sentry,https://github.com/apache/Sentry,https://api.github.com/repos/apache/Sentry,TRUE,FALSE,0,9,0,81
208,servicecomb,1,https://github.com/apache/ServiceComb,https://github.com/apache/servicecomb-java-chassis,https://api.github.com/repos/apache/servicecomb-java-chassis,TRUE,FALSE,1.666666667,3,5,100
209,servicemix,1,https://github.com/apache/ServiceMix,https://github.com/apache/ServiceMix,https://api.github.com/repos/apache/ServiceMix,TRUE,FALSE,0,1,0,100
210,shindig,1,https://github.com/apache/Shindig,https://github.com/apache/Shindig,https://api.github.com/repos/apache/Shindig,TRUE,FALSE,0,4,0,45
211,shiro,1,https://github.com/apache/Shiro,https://github.com/apache/Shiro,https://api.github.com/repos/apache/Shiro,TRUE,FALSE,0.0625,16,1,100
212,sis,1,https://github.com/apache/SIS,https://github.com/apache/SIS,https://api.github.com/repos/apache/SIS,TRUE,FALSE,0,1,0,42
213,skywalking,1,https://github.com/apache/SkyWalking,https://github.com/apache/SkyWalking,https://api.github.com/repos/apache/SkyWalking,TRUE,FALSE,0,3,0,100
214,sling,1,https://github.com/apache/Sling,https://github.com/apache/Sling,https://api.github.com/repos/apache/Sling,TRUE,FALSE,0,0,0,100
215,solr,1,https://github.com/apache/Solr,https://github.com/apache/Solr,https://api.github.com/repos/apache/Solr,TRUE,FALSE,0.012658228,79,1,100
216,spamassassin,1,https://github.com/apache/SpamAssassin,https://github.com/apache/SpamAssassin,https://api.github.com/repos/apache/SpamAssassin,TRUE,FALSE,0,0,0,57
217,spark,1,https://github.com/apache/Spark,https://github.com/apache/Spark,https://api.github.com/repos/apache/Spark,TRUE,FALSE,0.02,100,2,100
218,sqoop,1,https://github.com/apache/Sqoop,https://github.com/apache/Sqoop,https://api.github.com/repos/apache/Sqoop,TRUE,FALSE,0,22,0,100
219,stanbol,1,https://github.com/apache/Stanbol,https://github.com/apache/Stanbol,https://api.github.com/repos/apache/Stanbol,TRUE,FALSE,0,15,0,75
220,stdcxx,1,https://github.com/apache/stdcxx,https://github.com/apache/stdcxx,https://api.github.com/repos/apache/stdcxx,TRUE,FALSE,0,0,0,27
221,storm,1,https://github.com/apache/Storm,https://github.com/apache/Storm,https://api.github.com/repos/apache/Storm,TRUE,FALSE,0.0625,48,3,100
222,stratos,1,https://github.com/apache/Stratos,https://github.com/apache/Stratos,https://api.github.com/repos/apache/Stratos,TRUE,FALSE,0.222222222,9,2,100
223,subversion,1,https://github.com/apache/Subversion,https://github.com/apache/Subversion,https://api.github.com/repos/apache/Subversion,TRUE,FALSE,0,1,0,100
224,synapse,1,https://github.com/apache/Synapse,https://github.com/apache/Synapse,https://api.github.com/repos/apache/Synapse,TRUE,FALSE,0,1,0,46
225,syncope,1,https://github.com/apache/Syncope,https://github.com/apache/Syncope,https://api.github.com/repos/apache/Syncope,TRUE,FALSE,0,2,0,100
226,systemml,1,https://github.com/apache/SystemML,https://github.com/apache/SystemML,https://api.github.com/repos/apache/SystemML,TRUE,FALSE,0,22,0,100
227,tajo,1,https://github.com/apache/Tajo,https://github.com/apache/Tajo,https://api.github.com/repos/apache/Tajo,TRUE,FALSE,0,34,0,100
228,tapestry,1,https://github.com/apache/Tapestry,https://github.com/apache/tapestry-5,https://api.github.com/repos/apache/tapestry-5,TRUE,FALSE,0,22,0,73
229,tez,1,https://github.com/apache/Tez,https://github.com/apache/Tez,https://api.github.com/repos/apache/Tez,TRUE,FALSE,0,47,0,100
230,thrift,1,https://github.com/apache/Thrift,https://github.com/apache/Thrift,https://api.github.com/repos/apache/Thrift,TRUE,FALSE,0,27,0,100
231,tika,1,https://github.com/apache/Tika,https://github.com/apache/Tika,https://api.github.com/repos/apache/Tika,TRUE,FALSE,0,51,0,100
232,tinkerpop,1,https://github.com/apache/TinkerPop,https://github.com/apache/TinkerPop,https://api.github.com/repos/apache/TinkerPop,TRUE,FALSE,0,16,0,100
233,tobago,1,https://github.com/apache/Tobago,https://github.com/apache/myfaces-tobago,https://api.github.com/repos/apache/myfaces-tobago,TRUE,FALSE,0,5,0,19
234,trafficcontrol,1,https://github.com/apache/TrafficControl,https://github.com/apache/TrafficControl,https://api.github.com/repos/apache/TrafficControl,TRUE,FALSE,0,84,0,100
235,trafficserver,1,https://github.com/apache/TrafficServer,https://github.com/apache/TrafficServer,https://api.github.com/repos/apache/TrafficServer,TRUE,FALSE,0,38,0,100
236,trafodion,1,https://github.com/apache/Trafodion,https://github.com/apache/Trafodion,https://api.github.com/repos/apache/Trafodion,TRUE,FALSE,0,24,0,100
237,trinidad,1,https://github.com/apache/Trinidad,https://github.com/apache/myfaces-trinidad,https://api.github.com/repos/apache/myfaces-trinidad,TRUE,FALSE,0,2,0,9
238,tuscany,1,https://github.com/apache/Tuscany,https://github.com/apache/tuscany-sdo,https://api.github.com/repos/apache/tuscany-sdo,TRUE,FALSE,0,1,0,12
239,twill,1,https://github.com/apache/Twill,https://github.com/apache/Twill,https://api.github.com/repos/apache/Twill,TRUE,FALSE,0,3,0,66
240,uima,1,https://github.com/apache/UIMA,https://github.com/apache/uima-uimaj,https://api.github.com/repos/apache/uima-uimaj,TRUE,FALSE,0,3,0,38
241,unomi,1,https://github.com/apache/Unomi,https://github.com/apache/Unomi,https://api.github.com/repos/apache/Unomi,TRUE,FALSE,0,0,0,88
242,usergrid,1,https://github.com/apache/Usergrid,https://github.com/apache/Usergrid,https://api.github.com/repos/apache/Usergrid,TRUE,FALSE,0,21,0,100
243,vcl,1,https://github.com/apache/VCL,https://github.com/apache/VCL,https://api.github.com/repos/apache/VCL,TRUE,FALSE,0,3,0,17
244,vxquery,1,https://github.com/apache/VXQuery,https://github.com/apache/VXQuery,https://api.github.com/repos/apache/VXQuery,TRUE,FALSE,0,10,0,32
245,webwork2,1,https://github.com/openwebwork/webwork2,https://github.com/openwebwork/webwork2,https://api.github.com/repos/openwebwork/webwork2,TRUE,FALSE,0,33,0,100
246,whirr,1,https://github.com/apache/Whirr,https://github.com/apache/Whirr,https://api.github.com/repos/apache/Whirr,TRUE,FALSE,0,4,0,57
247,wicket,1,https://github.com/apache/Wicket,https://github.com/apache/Wicket,https://api.github.com/repos/apache/Wicket,TRUE,FALSE,0.875,8,7,100
248,wink,1,https://github.com/apache/Wink,https://github.com/apache/Wink,https://api.github.com/repos/apache/Wink,TRUE,FALSE,0,2,0,24
249,woden,1,https://github.com/apache/Woden,https://github.com/wso2/wso2-axis2,https://api.github.com/repos/wso2/wso2-axis2,TRUE,FALSE,0,1,0,100
250,xmlbeans,1,https://github.com/apache/XMLBeans,https://github.com/apache/XMLBeans,https://api.github.com/repos/apache/XMLBeans,TRUE,FALSE,0,0,0,41
251,zeppelin,1,https://github.com/apache/Zeppelin,https://github.com/apache/Zeppelin,https://api.github.com/repos/apache/Zeppelin,TRUE,FALSE,0.023529412,85,2,100
252,agila,2,https://github.com/apache/Agila,https://github.com/agilasverige/agilasverige_site,https://api.github.com/repos/agilasverige/agilasverige_site,TRUE,FALSE,0,0,0,1
253,alois,2,https://github.com/apache/Alois,https://github.com/logintas/alois,https://api.github.com/repos/logintas/alois,TRUE,FALSE,0,0,0,1
255,ariatosca,2,https://github.com/apache/AriaTosca,https://github.com/apache/incubator-ariatosca,https://api.github.com/repos/apache/incubator-ariatosca,TRUE,FALSE,0,1,0,46
257,axion,2,https://github.com/apache/Axion,https://github.com/apache/ws-axiom,https://api.github.com/repos/apache/ws-axiom,TRUE,FALSE,0,1,0,7
259,blur,2,https://github.com/apache/Blur,https://github.com/apache/incubator-retired-blur,https://api.github.com/repos/apache/incubator-retired-blur,TRUE,FALSE,0,1,0,33
261,composer,2,https://github.com/apache/Composer,https://github.com/apache/openwhisk-composer,https://api.github.com/repos/apache/openwhisk-composer,TRUE,FALSE,0,1,0,19
262,concerted,2,https://github.com/apache/Concerted,https://github.com/apache/incubator-retired-concerted,https://api.github.com/repos/apache/incubator-retired-concerted,TRUE,FALSE,0,3,0,6
263,corinthia,2,https://github.com/apache/Corinthia,https://github.com/apache/incubator-retired-corinthia,https://api.github.com/repos/apache/incubator-retired-corinthia,TRUE,FALSE,0,0,0,7
264,cotton,2,https://github.com/apache/Cotton,https://github.com/apache/incubator-retired-cotton,https://api.github.com/repos/apache/incubator-retired-cotton,TRUE,FALSE,0,0,0,22
266,droids,2,https://github.com/apache/Droids,https://github.com/trickl/trickl-crawler,https://api.github.com/repos/trickl/trickl-crawler,TRUE,,0,0,0,0
267,gearpump,2,https://github.com/apache/Gearpump,https://github.com/gearpump/gearpump,https://api.github.com/repos/gearpump/gearpump,TRUE,FALSE,0,0,0,100
268,gossip,2,https://github.com/apache/Gossip,https://github.com/apache/incubator-retired-gossip,https://api.github.com/repos/apache/incubator-retired-gossip,TRUE,FALSE,0,4,0,100
270,hdt,2,https://github.com/apache/incubator-retired-hdt,https://github.com/apache/incubator-retired-hdt,https://api.github.com/repos/apache/incubator-retired-hdt,TRUE,FALSE,0,1,0,10
273,horn,2,https://github.com/apache/HORN,https://github.com/apache/incubator-retired-horn,https://api.github.com/repos/apache/incubator-retired-horn,TRUE,FALSE,0,1,0,17
274,htrace,2,https://github.com/apache/incubator-retired-htrace,https://github.com/apache/incubator-retired-htrace,https://api.github.com/repos/apache/incubator-retired-htrace,TRUE,FALSE,0,5,0,65
276,iota,2,https://github.com/apache/iota,https://github.com/apache/incubator-retired-iota,https://api.github.com/repos/apache/incubator-retired-iota,TRUE,FALSE,0,2,0,32
279,kalumet,2,https://github.com/apache/Kalumet,https://github.com/apache/Kalumet,https://api.github.com/repos/apache/Kalumet,TRUE,FALSE,0,0,0,7
284,mrql,2,https://github.com/apache/MRQL,https://github.com/apache/incubator-retired-mrql,https://api.github.com/repos/apache/incubator-retired-mrql,TRUE,FALSE,0,1,0,15
285,nmaven,2,https://github.com/apache/NMaven,https://github.com/apache/maven,https://api.github.com/repos/apache/maven,TRUE,FALSE,0,58,0,100
286,npanday,2,https://github.com/apache/NPanday,https://github.com/apache/NPanday,https://api.github.com/repos/apache/NPanday,TRUE,FALSE,0,1,0,15
287,odf,2,https://github.com/apache/ODFToolkit,https://github.com/apache/ODFToolkit,https://api.github.com/repos/apache/ODFToolkit,TRUE,FALSE,0,3,0,29
289,openaz,2,https://github.com/apache/OpenAz,https://github.com/apache/incubator-retired-openaz,https://api.github.com/repos/apache/incubator-retired-openaz,TRUE,FALSE,0,3,0,25
290,photark,2,https://github.com/apache/PhotArk,https://github.com/apache/PhotArk,https://api.github.com/repos/apache/PhotArk,TRUE,FALSE,0,0,0,7
291,pirk,2,https://github.com/apache/Pirk,https://github.com/apache/incubator-retired-pirk,https://api.github.com/repos/apache/incubator-retired-pirk,TRUE,FALSE,0,4,0,25
292,provisionr,2,https://github.com/apache/Provisionr,https://github.com/apache/incubator-retired-provisionr,https://api.github.com/repos/apache/incubator-retired-provisionr,TRUE,FALSE,0,0,0,9
293,quickstep,2,https://github.com/apache/Quickstep,https://github.com/apache/incubator-retired-quickstep,https://api.github.com/repos/apache/incubator-retired-quickstep,TRUE,FALSE,0,4,0,57
295,ripple,2,https://github.com/apache/Ripple,https://github.com/apache/incubator-retired-ripple,https://api.github.com/repos/apache/incubator-retired-ripple,TRUE,FALSE,0,4,0,58
296,s4,2,https://github.com/apache/S4,https://github.com/apache/incubator-retired-s4,https://api.github.com/repos/apache/incubator-retired-s4,TRUE,FALSE,0,0,0,18
297,sirona,2,https://github.com/apache/Sirona,https://github.com/apache/Sirona,https://api.github.com/repos/apache/Sirona,TRUE,FALSE,0,2,0,50
298,slider,2,https://github.com/apache/Slider,https://github.com/apache/incubator-retired-slider,https://api.github.com/repos/apache/incubator-retired-slider,TRUE,FALSE,0,6,0,74
301,tashi,2,https://github.com/apache/Tashi,https://github.com/apache/Tashi,https://api.github.com/repos/apache/Tashi,TRUE,FALSE,0,2,0,10
305,wave,2,https://github.com/apache/Wave,https://github.com/apache/incubator-retired-wave,https://api.github.com/repos/apache/incubator-retired-wave,TRUE,FALSE,0,2,0,78
307,xap,2,https://github.com/apache/XAP,https://github.com/xap/xap,https://api.github.com/repos/xap/xap,TRUE,FALSE,0,20,0,35
308,xmlbeans-cxx,2,https://github.com/apache/XMLBeans/C++,https://github.com/apache/xmlbeans,https://api.github.com/repos/apache/xmlbeans,TRUE,FALSE,0,0,0,41
309,yoko,2,https://github.com/apache/Yoko,https://github.com/apache/geronimo-yoko,https://api.github.com/repos/apache/geronimo-yoko,TRUE,FALSE,0,0,0,8
310,zeta,2,https://github.com/apache/ZetaComponents,https://github.com/apache/ZetaComponents,https://api.github.com/repos/apache/ZetaComponents,TRUE,FALSE,0,1,0,16
311,zipkin,2,https://github.com/apache/Zipkin,https://github.com/apache/Zipkin,https://api.github.com/repos/apache/Zipkin,TRUE,FALSE,0,18,0,100
