,pj_alias,status,pj_github_url,corrected_pj_github_url,correct_url_found
0,amaterasu,0,https://github.com/apache/incubator-Amaterasu,https://github.com/apache/incubator-Amaterasu,True
1,annotator,0,https://github.com/apache/incubator-Annotator,https://github.com/apache/incubator-Annotator,True
2,batchee,0,https://github.com/apache/incubator-BatchEE,https://github.com/apache/incubator-BatchEE,True
3,brpc,0,https://github.com/apache/incubator-BRPC,https://github.com/apache/incubator-BRPC,True
4,crail,0,https://github.com/apache/incubator-Crail,https://github.com/apache/incubator-Crail,True
5,daffodil,0,https://github.com/apache/incubator-Daffodil,https://github.com/apache/incubator-Daffodil,True
6,datasketches,0,https://github.com/apache/incubator-DataSketches,https://github.com/apache/incubator-DataSketches,True
7,dlab,0,https://github.com/apache/incubator-DLab,https://github.com/apache/incubator-DLab,True
8,dolphinscheduler,0,https://github.com/apache/incubator-DolphinScheduler,https://github.com/apache/incubator-DolphinScheduler,True
9,doris,0,https://github.com/apache/incubator-Doris,https://github.com/apache/incubator-Doris,True
10,druid,0,https://github.com/apache/incubator-Druid,https://github.com/apache/incubator-Druid,True
11,echarts,0,https://github.com/apache/incubator-ECharts,https://github.com/apache/incubator-ECharts,True
12,edgent,0,https://github.com/apache/incubator-Edgent,https://github.com/apache/incubator-Edgent,True
13,flagon,0,https://github.com/apache/incubator-Flagon,https://github.com/apache/incubator-Flagon,True
14,gobblin,0,https://github.com/apache/incubator-Gobblin,https://github.com/apache/incubator-Gobblin,True
15,heron,0,https://github.com/apache/incubator-Heron,https://github.com/apache/incubator-Heron,True
16,hivemall,0,https://github.com/apache/incubator-Hivemall,https://github.com/apache/incubator-Hivemall,True
17,hudi,0,https://github.com/apache/incubator-Hudi,https://github.com/apache/incubator-Hudi,True
18,iceberg,0,https://github.com/apache/incubator-Iceberg,https://github.com/apache/incubator-Iceberg,True
19,iotdb,0,https://github.com/apache/incubator-IoTDB,https://github.com/apache/incubator-IoTDB,True
20,livy,0,https://github.com/apache/incubator-Livy,https://github.com/apache/incubator-Livy,True
21,marvin,0,https://github.com/apache/incubator-Marvin-AI,https://github.com/apache/incubator-marvin,True
22,milagro,0,https://github.com/apache/incubator-Milagro,https://github.com/apache/incubator-Milagro,True
23,mxnet,0,https://github.com/apache/incubator-MXNet,https://github.com/apache/incubator-MXNet,True
24,myriad,0,https://github.com/apache/incubator-Myriad,https://github.com/apache/incubator-Myriad,True
25,nemo,0,https://github.com/apache/incubator-Nemo,https://github.com/apache/incubator-Nemo,True
26,omid,0,https://github.com/apache/incubator-Omid,https://github.com/apache/incubator-Omid,True
27,pagespeed,0,https://github.com/apache/incubator-PageSpeed,https://github.com/apache/incubator-pagespeed-ngx,True
28,pinot,0,https://github.com/apache/incubator-Pinot,https://github.com/apache/incubator-Pinot,True
29,ponymail,0,https://github.com/apache/incubator-PonyMail,https://github.com/apache/incubator-PonyMail,True
30,ratis,0,https://github.com/apache/incubator-Ratis,https://github.com/apache/incubator-Ratis,True
31,rya,0,https://github.com/apache/incubator-Rya,https://github.com/apache/incubator-Rya,True
32,s2graph,0,https://github.com/apache/incubator-S2Graph,https://github.com/apache/incubator-S2Graph,True
33,samoa,0,https://github.com/apache/incubator-SAMOA,https://github.com/apache/incubator-SAMOA,True
34,sdap,0,https://github.com/apache/incubator-SDAP,https://github.com/apache/incubator-sdap-nexus,True
35,shardingsphere,0,https://github.com/apache/incubator-ShardingSphere,https://github.com/apache/incubator-ShardingSphere,True
36,singa,0,https://github.com/apache/incubator-SINGA,https://github.com/apache/incubator-SINGA,True
37,spot,0,https://github.com/apache/incubator-Spot,https://github.com/apache/incubator-Spot,True
38,superset,0,https://github.com/apache/incubator-Superset,https://github.com/apache/incubator-Superset,True
39,tamaya,0,https://github.com/apache/incubator-Tamaya,https://github.com/apache/incubator-Tamaya,True
40,taverna,0,https://github.com/apache/incubator-Taverna,https://github.com/apache/incubator-taverna-workbench,True
41,tephra,0,https://github.com/apache/incubator-Tephra,https://github.com/apache/incubator-Tephra,True
42,toree,0,https://github.com/apache/incubator-Toree,https://github.com/apache/incubator-Toree,True
43,training,0,https://github.com/apache/incubator-Training,https://github.com/apache/incubator-Training,True
44,tuweni,0,https://github.com/apache/incubator-Tuweni,https://github.com/apache/incubator-Tuweni,True
45,bloodhound,1,https://github.com/apache/Bloodhound,https://github.com/apache/Bloodhound,True
46,tvm,0,https://github.com/apache/incubator-TVM,https://github.com/apache/incubator-TVM,True
47,warble,0,https://github.com/apache/incubator-Warble,https://github.com/apache/incubator-warble-server,True
48,weex,0,https://github.com/apache/incubator-Weex,https://github.com/apache/incubator-Weex,True
49,abdera,1,https://github.com/apache/Abdera,https://github.com/apache/Abdera,True
50,accumulo,1,https://github.com/apache/Accumulo,https://github.com/apache/Accumulo,True
51,ace,1,https://github.com/apache/ACE,https://github.com/apache/ACE,True
52,activemq,1,https://github.com/apache/ActiveMQ,https://github.com/apache/ActiveMQ,True
53,airavata,1,https://github.com/apache/Airavata,https://github.com/apache/Airavata,True
54,airflow,1,https://github.com/apache/Airflow,https://github.com/apache/Airflow,True
55,allura,1,https://github.com/apache/Allura,https://github.com/apache/Allura,True
56,ambari,1,https://github.com/apache/Ambari,https://github.com/apache/Ambari,True
57,oltu,1,https://github.com/apache/Amber,https://github.com/amberframework/amber,True
58,any23,1,https://github.com/apache/Any23,https://github.com/apache/Any23,True
59,apex,1,https://github.com/apache/Apex,https://github.com/apache/apex-core,True
60,apollo,1,https://github.com/apache/Apollo,https://github.com/apache/activemq-apollo,True
61,aries,1,https://github.com/apache/Aries,https://github.com/apache/Aries,True
62,asterixdb,1,https://github.com/apache/AsterixDB,https://github.com/apache/AsterixDB,True
63,atlas,1,https://github.com/apache/Atlas,https://github.com/apache/Atlas,True
64,aurora,1,https://github.com/apache/Aurora,https://github.com/apache/Aurora,True
65,beam,1,https://github.com/apache/Beam,https://github.com/apache/Beam,True
66,bval,1,https://github.com/apache/bval,https://github.com/apache/bval,True
67,beehive,1,https://github.com/apache/Beehive,https://github.com/apache/hive,True
68,bigtop,1,https://github.com/apache/Bigtop,https://github.com/apache/Bigtop,True
69,brooklyn,1,https://github.com/apache/Brooklyn,https://github.com/apache/Brooklyn,True
70,buildr,1,https://github.com/apache/Buildr,https://github.com/apache/Buildr,True
71,calcite,1,https://github.com/apache/Calcite,https://github.com/apache/Calcite,True
72,carbondata,1,https://github.com/apache/CarbonData,https://github.com/apache/CarbonData,True
73,cassandra,1,https://github.com/apache/Cassandra,https://github.com/apache/Cassandra,True
74,cayenne,1,https://github.com/apache/Cayenne,https://github.com/apache/Cayenne,True
75,celix,1,https://github.com/apache/Celix,https://github.com/apache/Celix,True
76,chemistry,1,https://github.com/apache/Chemistry,https://github.com/apache/Chemistry,True
77,chukwa,1,https://github.com/apache/Chukwa,https://github.com/apache/Chukwa,True
78,clerezza,1,https://github.com/apache/Clerezza,https://github.com/apache/Clerezza,True
79,click,1,https://github.com/apache/Click,https://github.com/apache/Click,True
80,cloudstack,1,https://github.com/apache/CloudStack,https://github.com/apache/CloudStack,True
81,commonsrdf,1,https://github.com/apache/CommonsRDF,https://github.com/apache/commons-rdf,True
82,cordova,1,https://github.com/apache/Cordova,https://github.com/apache/Cordova,True
83,couchdb,1,https://github.com/apache/CouchDB,https://github.com/apache/CouchDB,True
84,crunch,1,https://github.com/apache/Crunch,https://github.com/apache/Crunch,True
85,ctakes,1,https://github.com/apache/cTAKES,https://github.com/apache/cTAKES,False
86,curator,1,https://github.com/apache/Curator,https://github.com/apache/Curator,True
87,cxf,1,https://github.com/apache/CXF,https://github.com/apache/CXF,True
88,datafu,1,https://github.com/apache/DataFu,https://github.com/apache/DataFu,True
89,deltacloud,1,https://github.com/apache/Deltacloud,https://github.com/apache/Deltacloud,True
90,deltaspike,1,https://github.com/apache/DeltaSpike,https://github.com/apache/DeltaSpike,True
91,derby,1,https://github.com/apache/Derby,https://github.com/apache/Derby,True
92,devicemap,1,https://github.com/apache/DeviceMap,https://github.com/apache/devicemap-browsermap,True
93,directmemory,1,https://github.com/apache/DirectMemory,https://github.com/apache/DirectMemory,True
94,directory,1,https://github.com/apache/Directory,https://github.com/apache/directory-project,True
95,distributedlog,1,https://github.com/apache/DistributedLog,https://github.com/apache/DistributedLog,True
96,drill,1,https://github.com/apache/Drill,https://github.com/apache/Drill,True
97,dubbo,1,https://github.com/apache/Dubbo,https://github.com/apache/Dubbo,True
98,eagle,1,https://github.com/apache/Eagle,https://github.com/apache/Eagle,True
99,easyant,1,https://github.com/apache/EasyAnt,https://github.com/apache/ant-easyant-core,True
100,empire,1,https://github.com/apache/Empire-db,https://github.com/apache/Empire-db,True
101,esme,1,https://github.com/apache/ESME,https://github.com/apache/ESME,True
102,etch,1,https://github.com/apache/Etch,https://github.com/apache/Etch,True
103,falcon,1,https://github.com/apache/Falcon,https://github.com/apache/Falcon,True
104,felix,1,https://github.com/apache/Felix,https://github.com/apache/Felix,True
105,fineract,1,https://github.com/apache/Fineract,https://github.com/apache/Fineract,True
106,flex,1,https://github.com/apache/Flex,https://github.com/apache/flex-sdk,True
107,flink,1,https://github.com/apache/Flink,https://github.com/apache/Flink,True
108,flume,1,https://github.com/apache/Flume,https://github.com/apache/Flume,True
109,fluo,1,https://github.com/apache/Fluo,https://github.com/apache/Fluo,True
110,freemarker,1,https://github.com/apache/FreeMarker,https://github.com/apache/FreeMarker,True
111,ftpserver,1,https://github.com/apache/FtpServer,https://github.com/apache/FtpServer,True
112,geode,1,https://github.com/apache/Geode,https://github.com/apache/Geode,True
113,geronimo,1,https://github.com/apache/Geronimo,https://github.com/apache/Geronimo,True
114,giraph,1,https://github.com/apache/Giraph,https://github.com/apache/Giraph,True
115,gora,1,https://github.com/apache/Gora,https://github.com/apache/Gora,True
116,griffin,1,https://github.com/apache/Griffin,https://github.com/apache/Griffin,True
117,groovy,1,https://github.com/apache/Groovy,https://github.com/apache/Groovy,True
118,guacamole,1,https://github.com/apache/Guacamole,https://github.com/apache/guacamole-server,True
119,hama,1,https://github.com/apache/Hama,https://github.com/apache/Hama,True
120,harmony,1,https://github.com/apache/Harmony,https://github.com/apache/Harmony,True
121,hawq,1,https://github.com/apache/HAWQ,https://github.com/apache/HAWQ,True
122,hcatalog,1,https://github.com/apache/HCatalog,https://github.com/apache/HCatalog,True
123,helix,1,https://github.com/apache/Helix,https://github.com/apache/Helix,True
124,hermes,1,https://github.com/apache/Hermes,https://github.com/allegro/hermes,True
125,httpd-cli,1,https://github.com/apache/httpd-CLI,https://github.com/apache/httpd,True
126,ibatis,1,https://github.com/apache/iBATIS,https://github.com/mybatis/mybatis-3,True
127,ignite,1,https://github.com/apache/Ignite,https://github.com/apache/Ignite,True
128,impala,1,https://github.com/apache/Impala,https://github.com/apache/Impala,True
129,isis,1,https://github.com/apache/Isis,https://github.com/apache/Isis,True
130,ivy,1,https://github.com/apache/Ivy,https://github.com/apache/ant-ivy,True
131,jackrabbit,1,https://github.com/apache/Jackrabbit,https://github.com/apache/Jackrabbit,True
132,jaxme,1,https://github.com/apache/JaxMe,https://github.com/apache/JaxMe,False
133,jclouds,1,https://github.com/apache/jclouds,https://github.com/apache/jclouds,True
134,jdo,1,https://github.com/apache/JDO,https://github.com/apache/db-jdo,True
135,jena,1,https://github.com/apache/Jena,https://github.com/apache/Jena,True
136,johnzon,1,https://github.com/apache/Johnzon,https://github.com/apache/Johnzon,True
137,joshua,1,https://github.com/apache/Joshua,https://github.com/apache/Joshua,True
138,jspwiki,1,https://github.com/apache/JSPWiki,https://github.com/apache/JSPWiki,True
139,juddi,1,https://github.com/apache/jUDDI,https://github.com/apache/jUDDI,True
140,juneau,1,https://github.com/apache/Juneau,https://github.com/apache/Juneau,True
141,kafka,1,https://github.com/apache/Kafka,https://github.com/apache/Kafka,True
142,knox,1,https://github.com/apache/Knox,https://github.com/apache/Knox,True
143,kudu,1,https://github.com/apache/Kudu,https://github.com/apache/Kudu,True
144,kylin,1,https://github.com/apache/Kylin,https://github.com/apache/Kylin,True
145,lens,1,https://github.com/apache/Lens,https://github.com/apache/Lens,True
146,lenya,1,https://github.com/apache/Lenya,https://github.com/apache/Lenya,True
147,libcloud,1,https://github.com/apache/Libcloud,https://github.com/apache/Libcloud,True
148,log4cxx,1,https://github.com/apache/log4cxx,https://github.com/apache/log4cxx,True
149,log4cxx2,1,https://github.com/apache/log4cxx2,https://github.com/apache/log4cxx2,False
150,log4net,1,https://github.com/apache/log4net,https://github.com/apache/logging-log4net,True
151,log4php,1,https://github.com/apache/Log4php,https://github.com/apache/logging-log4php,True
152,lucenenet,1,https://github.com/apache/Lucene.NET,https://github.com/apache/Lucene.NET,True
153,lucy,1,https://github.com/apache/Lucy,https://github.com/apache/Lucy,True
154,madlib,1,https://github.com/apache/MADlib,https://github.com/apache/MADlib,True
155,manifoldcf,1,https://github.com/apache/ManifoldCF,https://github.com/apache/ManifoldCF,True
156,marmotta,1,https://github.com/apache/Marmotta,https://github.com/apache/Marmotta,True
157,merlin-developer,1,https://github.com/apache/MerlinDeveloper,https://github.com/apache/MerlinDeveloper,False
158,mesos,1,https://github.com/apache/Mesos,https://github.com/apache/Mesos,True
159,metamodel,1,https://github.com/apache/MetaModel,https://github.com/apache/MetaModel,True
160,metron,1,https://github.com/apache/Metron,https://github.com/apache/Metron,True
161,mnemonic,1,https://github.com/apache/Mnemonic,https://github.com/apache/Mnemonic,True
162,mod_ftp,1,https://github.com/apache/mod_ftp,https://github.com/OutOfOrder/mod_ftpd,True
163,mrunit,1,https://github.com/apache/MRUnit,https://github.com/apache/MRUnit,True
164,muse,1,https://github.com/apache/Muse,https://github.com/apache/Muse,False
165,myfaces,1,https://github.com/apache/MyFaces,https://github.com/apache/MyFaces,True
166,mynewt,1,https://github.com/apache/Mynewt,https://github.com/apache/mynewt-core,True
167,netbeans,1,https://github.com/apache/NetBeans,https://github.com/apache/NetBeans,True
168,nifi,1,https://github.com/apache/NiFi,https://github.com/apache/NiFi,True
169,nutch,1,https://github.com/apache/Nutch,https://github.com/apache/Nutch,True
170,streams,1,https://github.com/apache/Streams,https://github.com/apache/Streams,True
171,nuvem,1,https://github.com/apache/Nuvem,https://github.com/apache/Nuvem,True
172,ode,1,https://github.com/apache/Ode,https://github.com/apache/Ode,True
173,ofbiz,1,https://github.com/apache/OFBiz,https://github.com/apache/OFBiz,True
174,ognl,1,https://github.com/apache/OGNL,https://github.com/apache/commons-ognl,True
175,olingo,1,https://github.com/apache/Olingo,https://github.com/apache/olingo-odata4,True
176,onami,1,https://github.com/apache/Onami,https://github.com/apache/Onami,True
177,oodt,1,https://github.com/apache/OODT,https://github.com/apache/OODT,True
178,oozie,1,https://github.com/apache/Oozie,https://github.com/apache/Oozie,True
179,climate,1,https://github.com/apache/climate,https://github.com/apache/climate,True
180,openejb,1,https://github.com/apache/OpenEJB,https://github.com/apache/OpenEJB,True
181,openjpa,1,https://github.com/apache/OpenJPA,https://github.com/apache/OpenJPA,True
182,openmeetings,1,https://github.com/apache/Openmeetings,https://github.com/apache/Openmeetings,True
183,opennlp,1,https://github.com/apache/OpenNLP,https://github.com/apache/OpenNLP,True
184,openoffice,1,https://github.com/apache/OpenOffice.org,https://github.com/apache/openoffice,True
185,openwebbeans,1,https://github.com/apache/OpenWebBeans,https://github.com/apache/OpenWebBeans,True
186,openwhisk,1,https://github.com/apache/OpenWhisk,https://github.com/apache/OpenWhisk,True
187,parquet,1,https://github.com/apache/Parquet,https://github.com/apache/parquet-mr,True
188,pdfbox,1,https://github.com/apache/PDFBox,https://github.com/apache/PDFBox,True
189,phoenix,1,https://github.com/apache/Phoenix,https://github.com/apache/Phoenix,True
190,pig,1,https://github.com/apache/Pig,https://github.com/apache/Pig,True
191,pivot,1,https://github.com/apache/Pivot,https://github.com/apache/Pivot,True
192,plc4x,1,https://github.com/apache/PLC4X,https://github.com/apache/PLC4X,True
193,pluto,1,https://github.com/apache/Pluto,https://github.com/apache/Pluto,True
194,predictionio,1,https://github.com/apache/PredictionIO,https://github.com/apache/PredictionIO,True
195,pulsar,1,https://github.com/apache/Pulsar,https://github.com/apache/Pulsar,True
196,qpid,1,https://github.com/apache/Qpid,https://github.com/apache/Qpid,True
197,wookie,1,https://github.com/apache/Wookie,https://github.com/apache/Wookie,True
198,ranger,1,https://github.com/apache/Ranger,https://github.com/apache/Ranger,True
199,rat,1,https://github.com/apache/RAT,https://github.com/apache/creadur-rat,True
200,rave,1,https://github.com/apache/Rave,https://github.com/apache/Rave,True
201,reef,1,https://github.com/apache/REEF,https://github.com/apache/REEF,True
202,river,1,https://github.com/apache/River,https://github.com/apache/river-container,True
203,rocketmq,1,https://github.com/apache/RocketMQ,https://github.com/apache/RocketMQ,True
204,roller,1,https://github.com/apache/Roller,https://github.com/apache/Roller,True
205,samza,1,https://github.com/apache/Samza,https://github.com/apache/Samza,True
206,sanselan,1,https://github.com/apache/Sanselan,https://github.com/apache/Sanselan,True
207,sentry,1,https://github.com/apache/Sentry,https://github.com/apache/Sentry,True
208,servicecomb,1,https://github.com/apache/ServiceComb,https://github.com/apache/servicecomb-java-chassis,True
209,servicemix,1,https://github.com/apache/ServiceMix,https://github.com/apache/ServiceMix,True
210,shindig,1,https://github.com/apache/Shindig,https://github.com/apache/Shindig,True
211,shiro,1,https://github.com/apache/Shiro,https://github.com/apache/Shiro,True
212,sis,1,https://github.com/apache/SIS,https://github.com/apache/SIS,True
213,skywalking,1,https://github.com/apache/SkyWalking,https://github.com/apache/SkyWalking,True
214,sling,1,https://github.com/apache/Sling,https://github.com/apache/Sling,True
215,solr,1,https://github.com/apache/Solr,https://github.com/apache/Solr,True
216,spamassassin,1,https://github.com/apache/SpamAssassin,https://github.com/apache/SpamAssassin,True
217,spark,1,https://github.com/apache/Spark,https://github.com/apache/Spark,True
218,sqoop,1,https://github.com/apache/Sqoop,https://github.com/apache/Sqoop,True
219,stanbol,1,https://github.com/apache/Stanbol,https://github.com/apache/Stanbol,True
220,stdcxx,1,https://github.com/apache/stdcxx,https://github.com/apache/stdcxx,True
221,storm,1,https://github.com/apache/Storm,https://github.com/apache/Storm,True
222,stratos,1,https://github.com/apache/Stratos,https://github.com/apache/Stratos,True
223,subversion,1,https://github.com/apache/Subversion,https://github.com/apache/Subversion,True
224,synapse,1,https://github.com/apache/Synapse,https://github.com/apache/Synapse,True
225,syncope,1,https://github.com/apache/Syncope,https://github.com/apache/Syncope,True
226,systemml,1,https://github.com/apache/SystemML,https://github.com/apache/SystemML,True
227,tajo,1,https://github.com/apache/Tajo,https://github.com/apache/Tajo,True
228,tapestry,1,https://github.com/apache/Tapestry,https://github.com/apache/tapestry-5,True
229,tez,1,https://github.com/apache/Tez,https://github.com/apache/Tez,True
230,thrift,1,https://github.com/apache/Thrift,https://github.com/apache/Thrift,True
231,tika,1,https://github.com/apache/Tika,https://github.com/apache/Tika,True
232,tinkerpop,1,https://github.com/apache/TinkerPop,https://github.com/apache/TinkerPop,True
233,tobago,1,https://github.com/apache/Tobago,https://github.com/apache/myfaces-tobago,True
234,trafficcontrol,1,https://github.com/apache/TrafficControl,https://github.com/apache/TrafficControl,True
235,trafficserver,1,https://github.com/apache/TrafficServer,https://github.com/apache/TrafficServer,True
236,trafodion,1,https://github.com/apache/Trafodion,https://github.com/apache/Trafodion,True
237,trinidad,1,https://github.com/apache/Trinidad,https://github.com/apache/myfaces-trinidad,True
238,tuscany,1,https://github.com/apache/Tuscany,https://github.com/apache/tuscany-sdo,True
239,twill,1,https://github.com/apache/Twill,https://github.com/apache/Twill,True
240,uima,1,https://github.com/apache/UIMA,https://github.com/apache/uima-uimaj,True
241,unomi,1,https://github.com/apache/Unomi,https://github.com/apache/Unomi,True
242,usergrid,1,https://github.com/apache/Usergrid,https://github.com/apache/Usergrid,True
243,vcl,1,https://github.com/apache/VCL,https://github.com/apache/VCL,True
244,vxquery,1,https://github.com/apache/VXQuery,https://github.com/apache/VXQuery,True
245,webwork2,1,https://github.com/openwebwork/webwork2,https://github.com/openwebwork/webwork2,True
246,whirr,1,https://github.com/apache/Whirr,https://github.com/apache/Whirr,True
247,wicket,1,https://github.com/apache/Wicket,https://github.com/apache/Wicket,True
248,wink,1,https://github.com/apache/Wink,https://github.com/apache/Wink,True
249,woden,1,https://github.com/apache/Woden,https://github.com/wso2/wso2-axis2,True
250,xmlbeans,1,https://github.com/apache/XMLBeans,https://github.com/apache/XMLBeans,True
251,zeppelin,1,https://github.com/apache/Zeppelin,https://github.com/apache/Zeppelin,True
252,agila,2,https://github.com/apache/Agila,https://github.com/agilasverige/agilasverige_site,True
253,alois,2,https://github.com/apache/Alois,https://github.com/logintas/alois,True
254,altrmi,2,https://github.com/apache/AltRMI,https://github.com/apache/AltRMI,False
255,ariatosca,2,https://github.com/apache/AriaTosca,https://github.com/apache/incubator-ariatosca,True
256,awf,2,https://github.com/apache/AWF,https://github.com/apache/AWF,False
257,axion,2,https://github.com/apache/Axion,https://github.com/apache/ws-axiom,True
258,bluesky,2,https://github.com/apache/Bluesky,https://github.com/apache/Bluesky,False
259,blur,2,https://github.com/apache/Blur,https://github.com/apache/incubator-retired-blur,True
260,cmda,2,https://github.com/apache/Climate Model Diagnostic Analyzer,https://github.com/apache/Climate Model Diagnostic Analyzer,False
261,composer,2,https://github.com/apache/Composer,https://github.com/apache/openwhisk-composer,True
262,concerted,2,https://github.com/apache/Concerted,https://github.com/apache/incubator-retired-concerted,True
263,corinthia,2,https://github.com/apache/Corinthia,https://github.com/apache/incubator-retired-corinthia,True
264,cotton,2,https://github.com/apache/Cotton,https://github.com/apache/incubator-retired-cotton,True
265,depot,2,https://github.com/apache/Depot,https://github.com/apache/Depot,False
266,droids,2,https://github.com/apache/Droids,https://github.com/trickl/trickl-crawler,True
267,gearpump,2,https://github.com/apache/Gearpump,https://github.com/gearpump/gearpump,True
268,gossip,2,https://github.com/apache/Gossip,https://github.com/apache/incubator-retired-gossip,True
269,graffito,2,https://github.com/apache/Graffito,https://github.com/apache/Graffito,False
270,hdt,2,https://github.com/apache/incubator-retired-hdt,https://github.com/apache/incubator-retired-hdt,True
271,heraldry,2,https://github.com/apache/Heraldry,https://github.com/apache/Heraldry,False
272,hise,2,https://github.com/apache/HISE,https://github.com/apache/HISE,False
273,horn,2,https://github.com/apache/HORN,https://github.com/apache/incubator-retired-horn,True
274,htrace,2,https://github.com/apache/incubator-retired-htrace,https://github.com/apache/incubator-retired-htrace,True
275,imperius,2,https://github.com/apache/Imperius,https://github.com/apache/Imperius,False
276,iota,2,https://github.com/apache/iota,https://github.com/apache/incubator-retired-iota,True
277,juice,2,https://github.com/apache/JuiCE,https://github.com/apache/JuiCE,False
278,kabuki,2,https://github.com/apache/Kabuki,https://github.com/apache/Kabuki,False
279,kalumet,2,https://github.com/apache/Kalumet,https://github.com/apache/Kalumet,True
280,kato,2,https://github.com/apache/Kato,https://github.com/apache/Kato,False
281,kitty,2,https://github.com/apache/Kitty,https://github.com/apache/Kitty,False
282,lokahi,2,https://github.com/apache/Lokahi,https://github.com/apache/Lokahi,False
283,lucene4c,2,https://github.com/apache/Lucene4c,https://github.com/apache/Lucene4c,False
284,mrql,2,https://github.com/apache/MRQL,https://github.com/apache/incubator-retired-mrql,True
285,nmaven,2,https://github.com/apache/NMaven,https://github.com/apache/maven,True
286,npanday,2,https://github.com/apache/NPanday,https://github.com/apache/NPanday,True
287,odf,2,https://github.com/apache/ODFToolkit,https://github.com/apache/ODFToolkit,True
288,olio,2,https://github.com/apache/Olio,https://github.com/apache/Olio,False
289,openaz,2,https://github.com/apache/OpenAz,https://github.com/apache/incubator-retired-openaz,True
290,photark,2,https://github.com/apache/PhotArk,https://github.com/apache/PhotArk,True
291,pirk,2,https://github.com/apache/Pirk,https://github.com/apache/incubator-retired-pirk,True
292,provisionr,2,https://github.com/apache/Provisionr,https://github.com/apache/incubator-retired-provisionr,True
293,quickstep,2,https://github.com/apache/Quickstep,https://github.com/apache/incubator-retired-quickstep,True
294,rcf,2,https://github.com/apache/RCF,https://github.com/apache/RCF,False
295,ripple,2,https://github.com/apache/Ripple,https://github.com/apache/incubator-retired-ripple,True
296,s4,2,https://github.com/apache/S4,https://github.com/apache/incubator-retired-s4,True
297,sirona,2,https://github.com/apache/Sirona,https://github.com/apache/Sirona,True
298,slider,2,https://github.com/apache/Slider,https://github.com/apache/incubator-retired-slider,True
299,socialsite,2,https://github.com/apache/SocialSite,https://github.com/apache/SocialSite,False
300,stonehenge,2,https://github.com/apache/Stonehenge,https://github.com/apache/Stonehenge,False
301,tashi,2,https://github.com/apache/Tashi,https://github.com/apache/Tashi,True
302,triplesoup,2,https://github.com/apache/TripleSoup,https://github.com/apache/TripleSoup,False
303,tsik,2,https://github.com/apache/TSIK,https://github.com/apache/TSIK,False
304,wadi,2,https://github.com/apache/WADI,https://github.com/apache/WADI,False
305,wave,2,https://github.com/apache/Wave,https://github.com/apache/incubator-retired-wave,True
306,wsrp4j,2,https://github.com/apache/WSRP4J,https://github.com/apache/WSRP4J,False
307,xap,2,https://github.com/apache/XAP,https://github.com/xap/xap,True
308,xmlbeans-cxx,2,https://github.com/apache/XMLBeans/C++,https://github.com/apache/xmlbeans,True
309,yoko,2,https://github.com/apache/Yoko,https://github.com/apache/geronimo-yoko,True
310,zeta,2,https://github.com/apache/ZetaComponents,https://github.com/apache/ZetaComponents,True
311,zipkin,2,https://github.com/apache/Zipkin,https://github.com/apache/Zipkin,True
