Unnamed: 0,pj_alias,status,pj_github_url,corrected_pj_github_url,correct_url_found,prs_found,frequency,dimensionality,ratio_of_duplicate_prs,total_prs(not a mteric),duplicate_prs(not a metric),cntr_management,additive_contribution_index
0,amaterasu,0,https://github.com/apache/incubator-Amaterasu,https://github.com/apache/incubator-retired-amaterasu,True,True,2.583333333,20.10632151,0.0,4.0,0.0,0.01612903226,0.066088195
1,annotator,0,https://github.com/apache/incubator-Annotator,https://github.com/apache/incubator-Annotator,True,True,1.018867925,54.38602849,0.0,2.0,0.0,0.3703703704,0.06922536376
2,batchee,0,https://github.com/apache/incubator-BatchEE,https://github.com/apache/incubator-BatchEE,True,True,0.1363636364,32.74145821,0.0,6.0,0.0,0.2222222222,0.1443252166
3,brpc,0,https://github.com/apache/incubator-BRPC,https://github.com/apache/incubator-BRPC,True,True,9.612244898,27.89961977,0.0,75.0,0.0,0.09894736842,0.04806761598
4,crail,0,https://github.com/apache/incubator-Crail,https://github.com/apache/incubator-Crail,True,True,2.175,23.8111416,0.0,2.0,0.0,0.03448275862,0.05699424611
5,daffodil,0,https://github.com/apache/incubator-Daffodil,https://github.com/apache/incubator-Daffodil,True,True,14.16666667,411.8824727,0.0,10.0,0.0,0.02923976608,0.09189120848
6,datasketches,0,https://github.com/apache/incubator-DataSketches,https://github.com/apache/incubator-DataSketches,True,False,0.0,27.6819416,0.0,0.0,0.0,0.0,0.1110691149
7,dlab,0,https://github.com/apache/incubator-DLab,https://github.com/apache/incubator-DLab,True,True,39.21212121,21.65569961,0.0,9.0,0.0,0.003051106026,0.03121724419
8,dolphinscheduler,0,https://github.com/apache/incubator-DolphinScheduler,https://github.com/apache/incubator-DolphinScheduler,True,True,116.3870968,29.1436467,0.0,73.0,0.0,0.3131778742,0.0469340802
9,doris,0,https://github.com/apache/incubator-Doris,https://github.com/apache/incubator-Doris,True,True,84.0,30.30561561,0.145455,110.0,16.0,0.4615926709,0.06666958571
10,druid,0,https://github.com/apache/incubator-Druid,https://github.com/apache/incubator-Druid,True,True,72.0,31.69093921,0.069767,172.0,12.0,0.2922044399,0.05394162744
11,echarts,0,https://github.com/apache/incubator-ECharts,https://github.com/apache/incubator-ECharts,True,True,12.3,108.8653103,0.078125,64.0,5.0,0.4423701299,0.05229556826
12,edgent,0,https://github.com/apache/incubator-Edgent,https://github.com/apache/incubator-Edgent,True,True,8.162790698,34.54154537,0.0,5.0,0.0,0.01709401709,0.0742486675
13,flagon,0,https://github.com/apache/incubator-Flagon,https://github.com/apache/incubator-Flagon,True,True,0.1794871795,35.54430141,0.0,1.0,0.0,0.1428571429,0.202983769
14,gobblin,0,https://github.com/apache/incubator-Gobblin,https://github.com/apache/incubator-Gobblin,True,True,38.9625,28.70793492,0.16,100.0,16.0,0.03007037748,0.09055103949
15,heron,0,https://github.com/apache/incubator-Heron,https://github.com/apache/incubator-Heron,True,True,38.1,31.10404061,0.025641,39.0,1.0,0.1494768311,0.08497518288
16,hivemall,0,https://github.com/apache/incubator-Hivemall,https://github.com/apache/incubator-Hivemall,True,True,4.518518519,43.62624559,0.0,7.0,0.0,0.0737704918,0.1002221351
17,hudi,0,https://github.com/apache/incubator-Hudi,https://github.com/apache/incubator-Hudi,True,True,48.81034483,33.21170401,0.19863,146.0,29.0,0.0444214876,0.08701078138
18,iceberg,0,https://github.com/apache/incubator-Iceberg,https://github.com/apache/incubator-Iceberg,True,True,63.66666667,44.60871908,0.113208,212.0,24.0,0.2163667524,0.1164343054
19,iotdb,0,https://github.com/apache/incubator-IoTDB,https://github.com/apache/incubator-IoTDB,True,True,113.6176471,43.75942807,0.1875,48.0,9.0,0.08141009384,0.04644979597
20,livy,0,https://github.com/apache/incubator-Livy,https://github.com/apache/incubator-Livy,True,True,6.365384615,25.81226327,0.061728,81.0,5.0,0.05135951662,0.0817985597
21,marvin,0,https://github.com/apache/incubator-Marvin-AI,https://github.com/apache/incubator-marvin,True,True,1.611111111,24.91767355,0.0,3.0,0.0,0.05172413793,0.09057780337
22,milagro,0,https://github.com/apache/incubator-Milagro,https://github.com/apache/incubator-Milagro,True,True,1.388888889,33.5515994,0.0,0.0,0.0,0.04,0.1719747462
23,mxnet,0,https://github.com/apache/incubator-MXNet,https://github.com/apache/incubator-MXNet,True,True,142.4473684,35.81502685,0.023041,217.0,5.0,0.6163713547,0.06426411094
24,myriad,0,https://github.com/apache/incubator-Myriad,https://github.com/apache/incubator-Myriad,True,True,2.836734694,48.37305204,0.0,8.0,0.0,0.04316546763,0.1045943595
25,nemo,0,https://github.com/apache/incubator-Nemo,https://github.com/apache/incubator-Nemo,True,True,7.666666667,30.19133104,0.0,12.0,0.0,0.3819875776,0.1158212052
26,omid,0,https://github.com/apache/incubator-Omid,https://github.com/apache/incubator-Omid,True,True,1.507936508,33.72282204,0.0,13.0,0.0,0.02105263158,0.05195135385
27,pagespeed,0,https://github.com/apache/incubator-PageSpeed,https://github.com/apache/incubator-pagespeed-ngx,True,True,6.65625,24.27151444,0.0,1.0,0.0,0.1345852895,0.01277190803
28,pinot,0,https://github.com/apache/incubator-Pinot,https://github.com/apache/incubator-Pinot,True,True,79.18072289,43.93002394,0.104651,86.0,9.0,0.0494106981,0.08727442606
29,ponymail,0,https://github.com/apache/incubator-PonyMail,https://github.com/apache/incubator-PonyMail,True,True,0.7142857143,21.55542258,0.0,8.0,0.0,0.1555555556,0.03807557352
30,ratis,0,https://github.com/apache/incubator-Ratis,https://github.com/apache/incubator-Ratis,True,True,9.581818182,26.13674169,0.0,23.0,0.0,0.01489757914,0.08126797241
31,rya,0,https://github.com/apache/incubator-Rya,https://github.com/apache/incubator-Rya,True,True,5.35,75.2455857,0.0,14.0,0.0,0.02492211838,0.2109779216
32,s2graph,0,https://github.com/apache/incubator-S2Graph,https://github.com/apache/incubator-S2Graph,True,True,3.846153846,54.39683841,0.0,17.0,0.0,0.025,0.05104386554
33,samoa,0,https://github.com/apache/incubator-SAMOA,https://github.com/apache/incubator-SAMOA,True,True,1.4,44.77275798,0.0,13.0,0.0,0.0119047619,0.1112066909
34,sdap,0,https://github.com/apache/incubator-SDAP,https://github.com/apache/incubator-sdap-nexus,True,True,2.978723404,47.40095485,0.0,5.0,0.0,0.03546099291,0.1135078482
35,shardingsphere,0,https://github.com/apache/incubator-ShardingSphere,https://github.com/apache/incubator-ShardingSphere,True,True,112.9130435,23.22532469,0.0,16.0,0.0,0.5423320659,0.08908882567
36,singa,0,https://github.com/apache/incubator-SINGA,https://github.com/apache/incubator-SINGA,True,True,10.94736842,77.65334026,0.0,21.0,0.0,0.01923076923,0.07874352855
37,spot,0,https://github.com/apache/incubator-Spot,https://github.com/apache/incubator-Spot,True,True,2.982142857,760.9789678,0.0,6.0,0.0,0.02994011976,0.0655508712
38,superset,0,https://github.com/apache/incubator-Superset,https://github.com/apache/incubator-Superset,True,True,127.2533333,280.0010621,0.0,127.0,0.0,0.511453561,0.05458852754
39,tamaya,0,https://github.com/apache/incubator-Tamaya,https://github.com/apache/incubator-Tamaya,True,True,0.8983050847,28.9916988,0.0,0.0,0.0,0.03773584906,0.1179060353
40,taverna,0,https://github.com/apache/incubator-Taverna,https://github.com/apache/incubator-taverna-workbench,True,True,0.5333333333,30.09635198,0.0,2.0,0.0,0.0,0.08218320224
41,tephra,0,https://github.com/apache/incubator-Tephra,https://github.com/apache/incubator-Tephra,True,True,1.690909091,39.72642444,0.0,3.0,0.0,0.0,0.06911882109
42,toree,0,https://github.com/apache/incubator-Toree,https://github.com/apache/incubator-Toree,True,True,2.811594203,24.08374965,0.0,13.0,0.0,0.0412371134,0.1164413272
43,training,0,https://github.com/apache/incubator-Training,https://github.com/apache/incubator-Training,True,True,2.769230769,51.32264082,0.0,0.0,0.0,0.04166666667,0.2168982342
44,tuweni,0,https://github.com/apache/incubator-Tuweni,https://github.com/apache/incubator-Tuweni,True,True,7.766666667,40.62048336,0.0,3.0,0.0,0.235042735,0.07817791815
45,bloodhound,1,https://github.com/apache/Bloodhound,https://github.com/apache/Bloodhound,True,True,1.0,42.65438739,0.0,0.0,0.0,0.0,0.08518852473
46,tvm,0,https://github.com/apache/incubator-TVM,https://github.com/apache/incubator-TVM,True,True,128.3793103,33.65691939,0.088889,135.0,12.0,0.133902374,0.06664561964
47,warble,0,https://github.com/apache/incubator-Warble,https://github.com/apache/incubator-warble-server,True,False,0.0,44.87573758,0.0,0.0,0.0,0.0,0.2196687371
48,weex,0,https://github.com/apache/incubator-Weex,https://github.com/apache/incubator-Weex,True,True,47.01960784,79.26750523,0.0,16.0,0.0,0.09174311927,0.03562287561
49,abdera,1,https://github.com/apache/Abdera,https://github.com/apache/Abdera,True,True,0.04761904762,36.74569032,0.0,4.0,0.0,0.0,0.09403178698
50,accumulo,1,https://github.com/apache/Accumulo,https://github.com/apache/Accumulo,True,True,16.59375,35.46878943,0.0,30.0,0.0,0.3437695679,0.0382386359
51,ace,1,https://github.com/apache/ACE,https://github.com/apache/ACE,True,True,0.2352941176,58.06331362,0.0,4.0,0.0,0.0,0.1255543727
52,activemq,1,https://github.com/apache/ActiveMQ,https://github.com/apache/ActiveMQ,True,True,5.736,33.85033923,0.0,41.0,0.0,0.01388888889,0.08616277448
53,airavata,1,https://github.com/apache/Airavata,https://github.com/apache/Airavata,True,True,3.226190476,96.10721135,0.069767,43.0,3.0,0.0147601476,0.09050918138
54,airflow,1,https://github.com/apache/Airflow,https://github.com/apache/Airflow,True,True,182.1538462,25.8163947,0.019355,155.0,3.0,0.3291457286,0.04687034269
55,allura,1,https://github.com/apache/Allura,https://github.com/apache/Allura,True,True,0.1818181818,21.36812593,0.0,0.0,0.0,0.3333333333,0.04404141638
56,ambari,1,https://github.com/apache/Ambari,https://github.com/apache/Ambari,True,True,32.97,49.68697387,0.0,61.0,0.0,0.06789936344,0.05541544898
57,oltu,1,https://github.com/apache/Amber,https://github.com/amberframework/amber,True,True,15.59615385,13.33268195,0.0,5.0,0.0,0.2281134402,0.06244324611
58,any23,1,https://github.com/apache/Any23,https://github.com/apache/Any23,True,True,2.419354839,41.40403554,0.0,4.0,0.0,0.2422907489,0.08351748039
59,apex,1,https://github.com/apache/Apex,https://github.com/apache/apex-core,True,True,11.22222222,29.17123972,0.0,2.0,0.0,0.1650165017,0.03413258542
60,apollo,1,https://github.com/apache/Apollo,https://github.com/apache/activemq-apollo,True,True,0.2173913043,40.17801954,0.0,0.0,0.0,0.1,0.08679446122
61,aries,1,https://github.com/apache/Aries,https://github.com/apache/Aries,True,True,1.153846154,28.47078404,0.0,10.0,0.0,0.1333333333,0.09492293305
62,asterixdb,1,https://github.com/apache/AsterixDB,https://github.com/apache/AsterixDB,True,True,0.253968254,126.6529757,0.0,5.0,0.0,0.0625,0.1229207562
63,atlas,1,https://github.com/apache/Atlas,https://github.com/apache/Atlas,True,True,3.020833333,32.94937895,0.0,56.0,0.0,0.02684563758,0.07230222355
64,aurora,1,https://github.com/apache/Aurora,https://github.com/apache/Aurora,True,True,0.9594594595,31.90324367,0.0,5.0,0.0,0.0985915493,0.0644623022
65,beam,1,https://github.com/apache/Beam,https://github.com/apache/Beam,True,True,234.0,36.63310137,0.097297,185.0,18.0,0.0,0.04885840197
66,bval,1,https://github.com/apache/bval,https://github.com/apache/bval,True,True,0.1379310345,26.59546832,0.0,0.0,0.0,0.125,0.05905632198
67,beehive,1,https://github.com/apache/Beehive,https://github.com/apache/hive,True,True,22.53278689,76.538141,0.022472,89.0,2.0,0.01654676259,0.1153533391
68,bigtop,1,https://github.com/apache/Bigtop,https://github.com/apache/Bigtop,True,True,8.815217391,52.86774388,0.01676,179.0,3.0,0.02080783354,0.1216510566
69,brooklyn,1,https://github.com/apache/Brooklyn,https://github.com/apache/Brooklyn,True,True,0.7462686567,81.9401889,0.0,4.0,0.0,0.04,0.04449472097
70,buildr,1,https://github.com/apache/Buildr,https://github.com/apache/Buildr,True,True,0.4392523364,16.66925327,0.0,1.0,0.0,0.06382978723,0.02700118718
71,calcite,1,https://github.com/apache/Calcite,https://github.com/apache/Calcite,True,True,29.90804598,39.43116545,0.046296,216.0,10.0,0.01339456563,0.04844406798
72,carbondata,1,https://github.com/apache/CarbonData,https://github.com/apache/CarbonData,True,True,66.79365079,46.73632836,0.184,125.0,23.0,0.1922071751,0.06549531742
73,cassandra,1,https://github.com/apache/Cassandra,https://github.com/apache/Cassandra,True,True,10.925,23.47365126,0.132505,483.0,64.0,0.009009009009,0.02470054353
74,cayenne,1,https://github.com/apache/Cayenne,https://github.com/apache/Cayenne,True,True,5.441860465,30.27843596,0.0,30.0,0.0,0.004273504274,0.06436350317
75,celix,1,https://github.com/apache/Celix,https://github.com/apache/Celix,True,True,3.458333333,40.15154939,0.0,11.0,0.0,0.04347826087,0.05101742637
76,chemistry,1,https://github.com/apache/Chemistry,https://github.com/apache/Chemistry,True,False,0.0,44.04622343,0.0,0.0,0.0,0.0,0.08152444326
77,chukwa,1,https://github.com/apache/Chukwa,https://github.com/apache/Chukwa,True,True,0.2040816327,38.17910067,0.0,3.0,0.0,0.0,0.1141206506
78,clerezza,1,https://github.com/apache/Clerezza,https://github.com/apache/Clerezza,True,True,0.1826086957,40.0862792,0.0,4.0,0.0,0.0,0.1049230841
79,click,1,https://github.com/apache/Click,https://github.com/apache/Click,True,False,0.0,43.58814664,0.0,0.0,0.0,0.0,0.07457804742
80,cloudstack,1,https://github.com/apache/CloudStack,https://github.com/apache/CloudStack,True,True,46.10204082,45.23653741,0.158879,107.0,17.0,0.3250992501,0.04115865601
81,commonsrdf,1,https://github.com/apache/CommonsRDF,https://github.com/apache/commons-rdf,True,True,0.9102564103,29.69700853,0.0,14.0,0.0,0.2112676056,0.07545058018
82,cordova,1,https://github.com/apache/Cordova,https://github.com/apache/Cordova,True,True,0.5,26.16428571,0.0,1.0,0.0,0.0,0.3928571429
83,couchdb,1,https://github.com/apache/CouchDB,https://github.com/apache/CouchDB,True,True,17.66412214,32.36278246,0.047619,21.0,1.0,0.191461837,0.04328216222
84,crunch,1,https://github.com/apache/Crunch,https://github.com/apache/Crunch,True,True,0.3529411765,40.14760434,0.0,4.0,0.0,0.1,0.1177113127
85,ctakes,1,https://github.com/apache/cTAKES,https://github.com/apache/cTAKES,True,True,0.2857142857,815.473736,,,,0.5,
86,curator,1,https://github.com/apache/Curator,https://github.com/apache/Curator,True,True,4.395604396,26.82474427,0.0,48.0,0.0,0.0349127182,0.05604896915
87,cxf,1,https://github.com/apache/CXF,https://github.com/apache/CXF,True,True,9.538461538,22.97253933,0.0,38.0,0.0,0.03103448276,0.06896167016
88,datafu,1,https://github.com/apache/DataFu,https://github.com/apache/DataFu,True,True,0.1046511628,31.69649765,0.0,2.0,0.0,0.0,0.105071815
89,deltacloud,1,https://github.com/apache/Deltacloud,https://github.com/apache/Deltacloud,True,True,0.3043478261,36.20455785,0.0,3.0,0.0,0.0,0.1027559959
90,deltaspike,1,https://github.com/apache/DeltaSpike,https://github.com/apache/DeltaSpike,True,True,1.318181818,25.53620896,0.0,6.0,0.0,0.03448275862,0.1298529285
91,derby,1,https://github.com/apache/Derby,https://github.com/apache/Derby,True,True,0.1346153846,79.35480747,0.0,7.0,0.0,0.0,0.05593637162
92,devicemap,1,https://github.com/apache/DeviceMap,https://github.com/apache/devicemap-browsermap,True,False,0.0,82.4607684,0.0,0.0,0.0,0.0,0.0875
93,directmemory,1,https://github.com/apache/DirectMemory,https://github.com/apache/DirectMemory,True,True,0.04255319149,41.74418716,0.0,3.0,0.0,0.25,0.109740153
94,directory,1,https://github.com/apache/Directory,https://github.com/apache/directory-project,True,False,0.0,50.29979522,0.0,1.0,0.0,0.0,0.1009132566
95,distributedlog,1,https://github.com/apache/DistributedLog,https://github.com/apache/DistributedLog,True,True,4.794871795,34.65712539,0.0,3.0,0.0,0.06417112299,0.1281498095
96,drill,1,https://github.com/apache/Drill,https://github.com/apache/Drill,True,True,21.85046729,43.47667286,0.046875,64.0,3.0,0.0204168439,0.1030913928
97,dubbo,1,https://github.com/apache/Dubbo,https://github.com/apache/Dubbo,True,True,39.42342342,25.09072558,0.085714,35.0,3.0,0.567371052,0.07219698432
98,eagle,1,https://github.com/apache/Eagle,https://github.com/apache/Eagle,True,True,18.96226415,96.49568898,0.0,11.0,0.0,0.05373134328,0.1154763015
99,easyant,1,https://github.com/apache/EasyAnt,https://github.com/apache/ant-easyant-core,True,True,0.2727272727,37.85788879,0.0,0.0,0.0,0.0,0.1023561508
100,empire,1,https://github.com/apache/Empire-db,https://github.com/apache/Empire-db,True,True,0.1486486486,25.67335891,0.0,8.0,0.0,0.2727272727,0.054547095
101,esme,1,https://github.com/apache/ESME,https://github.com/apache/ESME,True,False,0.0,28.98552221,0.0,0.0,0.0,0.0,0.0879971493
102,etch,1,https://github.com/apache/Etch,https://github.com/apache/Etch,True,False,0.0,42.48888715,0.0,0.0,0.0,0.0,0.1473234188
103,falcon,1,https://github.com/apache/Falcon,https://github.com/apache/Falcon,True,True,7.189655172,26.29923776,0.0,14.0,0.0,0.002398081535,0.06503928623
104,felix,1,https://github.com/apache/Felix,https://github.com/apache/Felix,True,True,2.144230769,31.32404822,0.0,59.0,0.0,0.0269058296,0.06991578788
105,fineract,1,https://github.com/apache/Fineract,https://github.com/apache/Fineract,True,True,28.50724638,49.90701056,0.0,13.0,0.0,0.06386213887,0.06642786347
106,flex,1,https://github.com/apache/Flex,https://github.com/apache/flex-sdk,True,True,0.6984126984,118.6526047,0.0,5.0,0.0,0.0,0.008888457038
107,flink,1,https://github.com/apache/Flink,https://github.com/apache/Flink,True,True,201.5227273,45.7682832,0.037037,729.0,27.0,0.08967528462,0.09426239698
108,flume,1,https://github.com/apache/Flume,https://github.com/apache/Flume,True,True,3.169811321,41.03910426,0.101852,108.0,11.0,0.04761904762,0.1013120373
109,fluo,1,https://github.com/apache/Fluo,https://github.com/apache/Fluo,True,True,6.65,27.0703646,0.0,3.0,0.0,0.6127819549,0.05412586743
110,freemarker,1,https://github.com/apache/FreeMarker,https://github.com/apache/FreeMarker,True,True,0.9861111111,46.43845518,0.0,3.0,0.0,0.04225352113,0.05879211379
111,ftpserver,1,https://github.com/apache/FtpServer,https://github.com/apache/FtpServer,True,True,0.08620689655,35.73267197,0.0,2.0,0.0,0.0,0.1104056821
112,geode,1,https://github.com/apache/Geode,https://github.com/apache/Geode,True,True,92.20779221,47.76769653,0.0,63.0,0.0,0.01303616484,0.07235496701
113,geronimo,1,https://github.com/apache/Geronimo,https://github.com/apache/Geronimo,True,True,0.3,35.33735017,0.0,5.0,0.0,0.5,0.1108338989
114,giraph,1,https://github.com/apache/Giraph,https://github.com/apache/Giraph,True,True,1.637362637,31.80811672,0.0,26.0,0.0,0.04026845638,0.1179520094
115,gora,1,https://github.com/apache/Gora,https://github.com/apache/Gora,True,True,2.806818182,35.95880979,0.0,20.0,0.0,0.02024291498,0.0785653608
116,griffin,1,https://github.com/apache/Griffin,https://github.com/apache/Griffin,True,True,10.96296296,68.03542942,0.0,0.0,0.0,0.01351351351,0.1068187736
117,groovy,1,https://github.com/apache/Groovy,https://github.com/apache/Groovy,True,True,21.16666667,35.56769813,0.0,22.0,0.0,0.02902055623,0.07122406164
118,guacamole,1,https://github.com/apache/Guacamole,https://github.com/apache/guacamole-server,True,True,5.253731343,47.73276498,0.0,19.0,0.0,0.04829545455,0.03938790522
119,hama,1,https://github.com/apache/Hama,https://github.com/apache/Hama,True,True,0.25,30.20731526,0.0,2.0,0.0,0.05,0.07678193287
120,harmony,1,https://github.com/apache/Harmony,https://github.com/apache/Harmony,True,False,0.0,57.55535249,0.0,0.0,0.0,0.0,0.04845810501
121,hawq,1,https://github.com/apache/HAWQ,https://github.com/apache/HAWQ,True,True,21.01388889,49.09298533,0.0,9.0,0.0,0.007926023778,0.0756446991
122,hcatalog,1,https://github.com/apache/HCatalog,https://github.com/apache/HCatalog,True,False,0.0,31.32947485,0.0,0.0,0.0,0.0,0.08394172055
123,helix,1,https://github.com/apache/Helix,https://github.com/apache/Helix,True,True,12.6627907,51.45704775,0.0,2.0,0.0,0.4890310786,0.09302159496
124,hermes,1,https://github.com/apache/Hermes,https://github.com/allegro/hermes,True,True,12.48051948,15.07265447,0.0,6.0,0.0,0.2010362694,0.05501708944
125,httpd-cli,1,https://github.com/apache/httpd-CLI,https://github.com/apache/httpd,True,True,2.083333333,34.15458245,0.027027,37.0,1.0,0.07079646018,0.02949597923
126,ibatis,1,https://github.com/apache/iBATIS,https://github.com/mybatis/mybatis-3,True,True,12.12621359,20.52787668,0.0,67.0,0.0,0.3405103668,0.06068810906
127,ignite,1,https://github.com/apache/Ignite,https://github.com/apache/Ignite,True,True,120.525641,41.18744199,0.183459,665.0,122.0,0.005945429451,0.05115537758
128,impala,1,https://github.com/apache/Impala,https://github.com/apache/Impala,True,True,0.4545454545,130.9914961,0.0,3.0,0.0,0.28,0.04619401239
129,isis,1,https://github.com/apache/Isis,https://github.com/apache/Isis,True,True,8.117021277,29.03638732,0.0,3.0,0.0,0.5749354005,0.0741609986
130,ivy,1,https://github.com/apache/Ivy,https://github.com/apache/ant-ivy,True,True,0.9879518072,26.30209603,0.0,11.0,0.0,0.01219512195,0.09174680318
131,jackrabbit,1,https://github.com/apache/Jackrabbit,https://github.com/apache/Jackrabbit,True,True,0.6440677966,36.21237024,0.0,34.0,0.0,0.05263157895,0.07447405526
132,jaxme,1,https://github.com/apache/JaxMe,https://github.com/apache/JaxMe,False,False,,,,,,,
133,jclouds,1,https://github.com/apache/jclouds,https://github.com/apache/jclouds,True,True,1.825396825,32.62962556,0.0,5.0,0.0,0.02608695652,0.1111164149
134,jdo,1,https://github.com/apache/JDO,https://github.com/apache/db-jdo,True,True,1.03030303,47.95298847,0.0,2.0,0.0,0.05882352941,0.09580275503
135,jena,1,https://github.com/apache/Jena,https://github.com/apache/Jena,True,True,10.83333333,37.66893744,0.0,2.0,0.0,0.1350135014,0.05542735417
136,johnzon,1,https://github.com/apache/Johnzon,https://github.com/apache/Johnzon,True,True,0.9,35.03096381,0.111111,18.0,2.0,0.01388888889,0.08648123612
137,joshua,1,https://github.com/apache/Joshua,https://github.com/apache/Joshua,True,True,1.641509434,93.38291351,0.0,2.0,0.0,0.03448275862,0.08906031674
138,jspwiki,1,https://github.com/apache/JSPWiki,https://github.com/apache/JSPWiki,True,True,3.487804878,39.19751083,0.0,2.0,0.0,0.8137931034,0.0725119817
139,juddi,1,https://github.com/apache/jUDDI,https://github.com/apache/jUDDI,True,True,0.08823529412,47.46403992,0.0,0.0,0.0,0.0,0.125861772
140,juneau,1,https://github.com/apache/Juneau,https://github.com/apache/Juneau,True,True,1.266666667,50.2574093,0.0,2.0,0.0,0.0,0.06198260722
141,kafka,1,https://github.com/apache/Kafka,https://github.com/apache/Kafka,True,True,105.3119266,31.09118664,0.03096,969.0,30.0,0.04341031429,0.04592813323
142,knox,1,https://github.com/apache/Knox,https://github.com/apache/Knox,True,True,5.988095238,34.39858636,0.0,13.0,0.0,0.01972386588,0.1008388792
143,kudu,1,https://github.com/apache/Kudu,https://github.com/apache/Kudu,True,True,0.5882352941,31.92369011,0.0,6.0,0.0,0.1,0.0452996458
144,kylin,1,https://github.com/apache/Kylin,https://github.com/apache/Kylin,True,True,21.64197531,59.23914017,0.093023,43.0,4.0,0.01303854875,0.06122940602
145,lens,1,https://github.com/apache/Lens,https://github.com/apache/Lens,True,True,0.6101694915,31.16956226,0.230769,13.0,3.0,0.08333333333,0.06627456914
146,lenya,1,https://github.com/apache/Lenya,https://github.com/apache/Lenya,True,False,0.0,31.92457638,0.0,0.0,0.0,0.0,0.112379349
147,libcloud,1,https://github.com/apache/Libcloud,https://github.com/apache/Libcloud,True,True,11.3030303,103.7728571,0.0,14.0,0.0,0.07970529136,0.06286490639
148,log4cxx,1,https://github.com/apache/log4cxx,https://github.com/apache/logging-log4cxx,True,True,1.314814815,56.73336292,0.0,0.0,0.0,0.05633802817,
149,log4cxx2,1,https://github.com/apache/log4cxx2,https://github.com/apache/log4cxx2,False,False,,,,,,,
150,log4net,1,https://github.com/apache/log4net,https://github.com/apache/logging-log4net,True,True,1.269230769,71.59727869,0.0,0.0,0.0,0.06060606061,0.06630519209
151,log4php,1,https://github.com/apache/Log4php,https://github.com/apache/logging-log4php,True,True,0.2558139535,26.17052038,0.0,5.0,0.0,0.0,0.09077452152
152,lucenenet,1,https://github.com/apache/Lucene.NET,https://github.com/apache/Lucene.NET,True,True,3.366666667,45.16231154,0.0,7.0,0.0,0.1682692308,0.0382857855
153,lucy,1,https://github.com/apache/Lucy,https://github.com/apache/Lucy,True,True,1.0,34.59429403,0.0,1.0,0.0,0.0,0.07451232899
154,madlib,1,https://github.com/apache/MADlib,https://github.com/apache/MADlib,True,True,8.042253521,138.9496135,0.0,1.0,0.0,0.09265734266,0.07057108732
155,manifoldcf,1,https://github.com/apache/ManifoldCF,https://github.com/apache/ManifoldCF,True,True,0.4520547945,54.80074316,0.0,13.0,0.0,0.1212121212,0.05982179738
156,marmotta,1,https://github.com/apache/Marmotta,https://github.com/apache/Marmotta,True,True,0.5277777778,41.94318883,0.0,9.0,0.0,0.0,0.06916894699
157,merlin-developer,1,https://github.com/apache/MerlinDeveloper,https://github.com/apache/MerlinDeveloper,False,False,,,,,,,
158,mesos,1,https://github.com/apache/Mesos,https://github.com/apache/Mesos,True,True,4.216494845,42.64261927,0.0,20.0,0.0,0.02200488998,0.03548872395
159,metamodel,1,https://github.com/apache/MetaModel,https://github.com/apache/MetaModel,True,True,3.139240506,26.45299059,5.666667,3.0,17.0,0.1048387097,0.07564458353
160,metron,1,https://github.com/apache/Metron,https://github.com/apache/Metron,True,True,28.76363636,56.77958453,0.0,24.0,0.0,0.0796460177,0.1216716247
161,mnemonic,1,https://github.com/apache/Mnemonic,https://github.com/apache/Mnemonic,True,True,3.545454545,27.21051062,0.0,2.0,0.0,0.03813559322,0.08968193146
162,mod_ftp,1,https://github.com/apache/mod_ftp,https://github.com/OutOfOrder/mod_ftpd,True,False,0.0,56.80942349,0.0,0.0,0.0,0.0,0.1227054166
163,mrunit,1,https://github.com/apache/MRUnit,https://github.com/apache/MRUnit,True,True,1.0,30.78243007,0.0,1.0,0.0,0.0,0.09781003628
164,muse,1,https://github.com/apache/Muse,https://github.com/apache/Muse,False,False,,,,,,,
165,myfaces,1,https://github.com/apache/MyFaces,https://github.com/apache/MyFaces,True,True,5.43902439,44.27107371,0.0,0.0,0.0,0.06726457399,0.0769383141
166,mynewt,1,https://github.com/apache/Mynewt,https://github.com/apache/mynewt-core,True,True,37.11764706,52.52491023,0.0,16.0,0.0,0.03832477282,0.06803665063
167,netbeans,1,https://github.com/apache/NetBeans,https://github.com/apache/NetBeans,True,True,67.57142857,60.77319913,0.0,95.0,0.0,0.05954887218,0.07844965518
168,nifi,1,https://github.com/apache/NiFi,https://github.com/apache/NiFi,True,True,67.07317073,40.14257355,0.034091,88.0,3.0,0.02243125904,0.08128784111
169,nutch,1,https://github.com/apache/Nutch,https://github.com/apache/Nutch,True,True,6.361111111,36.98651611,0.0,17.0,0.0,0.01594202899,0.06881325103
170,streams,1,https://github.com/apache/Streams,https://github.com/apache/Streams,True,True,6.58974359,37.21476762,0.0,0.0,0.0,0.04280155642,0.1117820552
171,nuvem,1,https://github.com/apache/Nuvem,https://github.com/apache/Nuvem,True,False,0.0,28.92713042,0.0,0.0,0.0,0.0,0.2730459535
172,ode,1,https://github.com/apache/Ode,https://github.com/apache/Ode,True,True,0.115942029,33.73067038,0.0,2.0,0.0,0.0,0.08998263379
173,ofbiz,1,https://github.com/apache/OFBiz,https://github.com/apache/OFBiz,True,True,0.2872340426,44.40791227,0.0,12.0,0.0,0.07407407407,0.03253536264
174,ognl,1,https://github.com/apache/OGNL,https://github.com/apache/commons-ognl,True,True,1.268292683,22.2600029,0.0,1.0,0.0,0.6153846154,0.0416203327
175,olingo,1,https://github.com/apache/Olingo,https://github.com/apache/olingo-odata4,True,True,0.7228915663,43.44770959,0.0,20.0,0.0,0.05,0.08310453677
176,onami,1,https://github.com/apache/Onami,https://github.com/apache/Onami,True,False,0.0,16.52924636,0.0,0.0,0.0,0.0,0.07361903541
177,oodt,1,https://github.com/apache/OODT,https://github.com/apache/OODT,True,True,1.307692308,35.90345904,0.0,3.0,0.0,0.01680672269,0.1201132002
178,oozie,1,https://github.com/apache/Oozie,https://github.com/apache/Oozie,True,True,0.5596330275,24.46573262,0.0,34.0,0.0,0.06557377049,0.06106948398
179,climate,1,https://github.com/apache/climate,https://github.com/apache/climate,True,True,6.820512821,34.89956281,0.0,5.0,0.0,0.005639097744,0.09345165723
180,openejb,1,https://github.com/apache/OpenEJB,https://github.com/apache/OpenEJB,True,False,0.0,39.52414247,0.0,0.0,0.0,0.0,0.1150378145
181,openjpa,1,https://github.com/apache/OpenJPA,https://github.com/apache/OpenJPA,True,True,0.8604651163,36.32093799,0.0,12.0,0.0,0.04054054054,0.09083915275
182,openmeetings,1,https://github.com/apache/Openmeetings,https://github.com/apache/Openmeetings,True,True,1.822580645,48.8203034,0.0,3.0,0.0,0.0,0.03425413735
183,opennlp,1,https://github.com/apache/OpenNLP,https://github.com/apache/OpenNLP,True,True,4.362637363,61.94925602,0.0,18.0,0.0,0.005037783375,0.1158600763
184,openoffice,1,https://github.com/apache/OpenOffice.org,https://github.com/apache/openoffice,True,True,2.266666667,2770.839491,0.0,12.0,0.0,0.08088235294,
185,openwebbeans,1,https://github.com/apache/OpenWebBeans,https://github.com/apache/OpenWebBeans,True,True,0.4418604651,29.06692755,0.0,0.0,0.0,0.0,0.09691818331
186,openwhisk,1,https://github.com/apache/OpenWhisk,https://github.com/apache/OpenWhisk,True,True,47.51470588,28.140347,0.0,36.0,0.0,0.223460229,0.06831024901
187,parquet,1,https://github.com/apache/Parquet,https://github.com/apache/parquet-mr,True,True,10.51724138,34.00414294,0.0625,96.0,6.0,0.03384279476,0.06075056962
188,pdfbox,1,https://github.com/apache/PDFBox,https://github.com/apache/PDFBox,True,True,1.205607477,37.29643053,0.0,19.0,0.0,0.0,0.03715723178
189,phoenix,1,https://github.com/apache/Phoenix,https://github.com/apache/Phoenix,True,True,15.11494253,46.34480419,0.038627,233.0,9.0,0.02490566038,0.06169196462
190,pig,1,https://github.com/apache/Pig,https://github.com/apache/Pig,True,True,0.3130434783,76.978727,0.0,7.0,0.0,0.05555555556,0.07989962332
191,pivot,1,https://github.com/apache/Pivot,https://github.com/apache/Pivot,True,False,0.0,34.74772365,0.0,0.0,0.0,0.0,0.09446615007
192,plc4x,1,https://github.com/apache/PLC4X,https://github.com/apache/PLC4X,True,True,6.152173913,46.56488848,0.0,15.0,0.0,0.08771929825,0.08408909207
193,pluto,1,https://github.com/apache/Pluto,https://github.com/apache/Pluto,True,True,1.0,40.44518195,0.0,1.0,0.0,1.0,0.1351276814
194,predictionio,1,https://github.com/apache/PredictionIO,https://github.com/apache/PredictionIO,True,True,4.988235294,63.99002556,0.0,17.0,0.0,0.07311320755,0.08975856212
195,pulsar,1,https://github.com/apache/Pulsar,https://github.com/apache/Pulsar,True,True,142.0983607,42.69249123,0.020339,295.0,6.0,0.3160945669,0.08627903429
196,qpid,1,https://github.com/apache/Qpid,https://github.com/apache/Qpid,True,True,0.1960784314,37.88008925,0.0,1.0,0.0,0.0,0.06981986689
197,wookie,1,https://github.com/apache/Wookie,https://github.com/apache/Wookie,True,True,1.0,42.43988571,0.0,1.0,0.0,0.0,0.1476510053
198,ranger,1,https://github.com/apache/Ranger,https://github.com/apache/Ranger,True,True,1.456790123,47.46355175,0.0,80.0,0.0,0.02542372881,0.06031834016
199,rat,1,https://github.com/apache/RAT,https://github.com/apache/creadur-rat,True,True,0.3424657534,27.34115622,0.0,6.0,0.0,0.24,0.05602402804
200,rave,1,https://github.com/apache/Rave,https://github.com/apache/Rave,True,True,0.6388888889,41.70913615,0.0,0.0,0.0,0.08695652174,0.09198663339
201,reef,1,https://github.com/apache/REEF,https://github.com/apache/REEF,True,True,19.25641026,26.82171713,4.166667,6.0,25.0,0.4294274301,0.08495787537
202,river,1,https://github.com/apache/River,https://github.com/apache/river-container,True,False,0.0,37.89989465,0.0,0.0,0.0,0.0,0.3163370885
203,rocketmq,1,https://github.com/apache/RocketMQ,https://github.com/apache/RocketMQ,True,True,29.48275862,31.57673175,0.057471,174.0,10.0,0.7605797101,0.08704767858
204,roller,1,https://github.com/apache/Roller,https://github.com/apache/Roller,True,True,0.784,53.47868968,0.0,1.0,0.0,0.01020408163,0.06575343483
205,samza,1,https://github.com/apache/Samza,https://github.com/apache/Samza,True,True,19.84615385,30.35414599,0.025,40.0,1.0,0.01675257732,0.08859476346
206,sanselan,1,https://github.com/apache/Sanselan,https://github.com/apache/Sanselan,True,True,0.02666666667,49.81417571,0.0,1.0,0.0,0.0,0.1278583659
207,sentry,1,https://github.com/apache/Sentry,https://github.com/apache/Sentry,True,True,0.2682926829,58.77984618,0.0,9.0,0.0,0.4545454545,0.08718390018
208,servicecomb,1,https://github.com/apache/ServiceComb,https://github.com/apache/servicecomb-java-chassis,True,True,31.13207547,27.75651171,0.0,3.0,0.0,0.02602905569,0.1404333755
209,servicemix,1,https://github.com/apache/ServiceMix,https://github.com/apache/ServiceMix,True,True,0.7714285714,22.26455392,0.0,1.0,0.0,0.01851851852,0.06186865567
210,shindig,1,https://github.com/apache/Shindig,https://github.com/apache/Shindig,True,True,0.04672897196,29.77531643,0.0,4.0,0.0,0.4,0.07824756653
211,shiro,1,https://github.com/apache/Shiro,https://github.com/apache/Shiro,True,True,2.845454545,29.82184059,0.0625,16.0,1.0,0.02555910543,0.08423586557
212,sis,1,https://github.com/apache/SIS,https://github.com/apache/SIS,True,True,0.3709677419,40.88863942,0.0,1.0,0.0,0.0,0.07265937024
213,skywalking,1,https://github.com/apache/SkyWalking,https://github.com/apache/SkyWalking,True,True,57.43283582,26.15575381,0.0,1.0,0.0,0.294529427,0.1067660617
214,sling,1,https://github.com/apache/Sling,https://github.com/apache/Sling,True,True,4.763636364,7.25,0.0,0.0,0.0,0.01145038168,0.25
215,solr,1,https://github.com/apache/Solr,https://github.com/apache/Solr,True,True,50.875,36.94998344,0.0,75.0,0.0,0.03058823529,0.05948047758
216,spamassassin,1,https://github.com/apache/SpamAssassin,https://github.com/apache/SpamAssassin,True,True,0.05,85.79822935,0.0,0.0,0.0,0.0,0.02097155261
217,spark,1,https://github.com/apache/Spark,https://github.com/apache/Spark,True,True,379.3406593,227.5021935,0.069264,231.0,16.0,0.08147421282,0.04475444757
218,sqoop,1,https://github.com/apache/Sqoop,https://github.com/apache/Sqoop,True,True,0.8269230769,37.51465648,0.0,22.0,0.0,0.01162790698,0.09173085604
219,stanbol,1,https://github.com/apache/Stanbol,https://github.com/apache/Stanbol,True,True,0.2093023256,50.16275451,0.0,15.0,0.0,0.2777777778,0.119843388
220,stdcxx,1,https://github.com/apache/stdcxx,https://github.com/apache/stdcxx,True,False,0.0,97.49732863,0.0,0.0,0.0,0.0,0.1352259249
221,storm,1,https://github.com/apache/Storm,https://github.com/apache/Storm,True,True,36.41489362,25.46023774,0.0625,48.0,3.0,0.05169392523,0.03912354041
222,stratos,1,https://github.com/apache/Stratos,https://github.com/apache/Stratos,True,True,10.34693878,44.14334525,0.222222,9.0,2.0,0.009861932939,0.06894796803
223,subversion,1,https://github.com/apache/Subversion,https://github.com/apache/Subversion,True,True,0.1274509804,57.50026685,0.0,1.0,0.0,0.0,0.02105233947
224,synapse,1,https://github.com/apache/Synapse,https://github.com/apache/Synapse,True,True,0.6527777778,39.9823311,0.0,1.0,0.0,0.1276595745,0.1020868732
225,syncope,1,https://github.com/apache/Syncope,https://github.com/apache/Syncope,True,True,3.506024096,22.44074883,0.0,2.0,0.0,0.01718213058,0.04921122249
226,systemml,1,https://github.com/apache/SystemML,https://github.com/apache/SystemML,True,True,20.43661972,118.1361777,0.0,27.0,0.0,0.02602739726,0.1006460716
227,tajo,1,https://github.com/apache/Tajo,https://github.com/apache/Tajo,True,True,15.1,35.67702331,0.0,34.0,0.0,0.006622516556,0.1071335854
228,tapestry,1,https://github.com/apache/Tapestry,https://github.com/apache/tapestry-5,True,True,0.2976190476,47.79651911,0.0,22.0,0.0,0.0,0.09554774002
229,tez,1,https://github.com/apache/Tez,https://github.com/apache/Tez,True,True,1.848837209,29.9247439,0.0,52.0,0.0,0.0303030303,0.06035957652
230,thrift,1,https://github.com/apache/Thrift,https://github.com/apache/Thrift,True,True,19.91935484,31.30395046,0.0,24.0,0.0,0.03519417476,0.07034997489
231,tika,1,https://github.com/apache/Tika,https://github.com/apache/Tika,True,True,4.053571429,61.118866,0.0,49.0,0.0,0.0350877193,0.09905079898
232,tinkerpop,1,https://github.com/apache/TinkerPop,https://github.com/apache/TinkerPop,True,True,18.65,34.19959056,0.0,9.0,0.0,0.06951871658,0.04299404716
233,tobago,1,https://github.com/apache/Tobago,https://github.com/apache/myfaces-tobago,True,True,32.6875,33.1233804,0.0,3.0,0.0,0.573110285,0.05856079637
234,trafficcontrol,1,https://github.com/apache/TrafficControl,https://github.com/apache/TrafficControl,True,True,70.26666667,77.87686872,0.0,76.0,0.0,0.4415308292,0.06318405709
235,trafficserver,1,https://github.com/apache/TrafficServer,https://github.com/apache/TrafficServer,True,True,64.85849057,29.65247924,0.0,39.0,0.0,0.1689385151,0.0399235381
236,trafodion,1,https://github.com/apache/Trafodion,https://github.com/apache/Trafodion,True,True,32.31034483,68.14408891,0.0,24.0,0.0,0.01280683031,0.02848991306
237,trinidad,1,https://github.com/apache/Trinidad,https://github.com/apache/myfaces-trinidad,True,True,0.1071428571,75.71156741,0.0,2.0,0.0,0.0,0.04832017856
238,tuscany,1,https://github.com/apache/Tuscany,https://github.com/apache/tuscany-sdo,True,True,1.0,59.01823397,0.0,1.0,0.0,0.0,0.1414397619
239,twill,1,https://github.com/apache/Twill,https://github.com/apache/Twill,True,True,1.88372093,21.69620783,0.0,3.0,0.0,0.0,0.05352364229
240,uima,1,https://github.com/apache/UIMA,https://github.com/apache/uima-uimaj,True,True,3.465116279,57.56181938,0.0,2.0,0.0,0.0,0.05440466557
241,unomi,1,https://github.com/apache/Unomi,https://github.com/apache/Unomi,True,True,5.409090909,28.11062055,0.0,1.0,0.0,0.02203856749,0.08826862758
242,usergrid,1,https://github.com/apache/Usergrid,https://github.com/apache/Usergrid,True,True,7.380952381,68.63037105,0.0,21.0,0.0,0.01612903226,0.05352547859
243,vcl,1,https://github.com/apache/VCL,https://github.com/apache/VCL,True,True,0.2941176471,84.04463924,0.0,3.0,0.0,0.0,0.03067241844
244,vxquery,1,https://github.com/apache/VXQuery,https://github.com/apache/VXQuery,True,True,4.615384615,66.28420577,0.0,10.0,0.0,0.005555555556,0.1427489808
245,webwork2,1,https://github.com/openwebwork/webwork2,https://github.com/openwebwork/webwork2,True,True,9.543103448,68.59934122,0.0,35.0,0.0,0.137962128,0.05862607956
246,whirr,1,https://github.com/apache/Whirr,https://github.com/apache/Whirr,True,True,0.2121212121,20.42665941,0.0,4.0,0.0,0.0,0.0871087837
247,wicket,1,https://github.com/apache/Wicket,https://github.com/apache/Wicket,True,True,3.652892562,32.73799612,0.0,8.0,0.0,0.06053811659,0.06789292617
248,wink,1,https://github.com/apache/Wink,https://github.com/apache/Wink,True,True,0.1666666667,87.65246984,0.0,2.0,0.0,0.0,0.1044032853
249,woden,1,https://github.com/apache/Woden,https://github.com/wso2/wso2-axis2,True,True,2.438202247,14.9001537,0.0,1.0,0.0,0.04128440367,0.0252909851
250,xmlbeans,1,https://github.com/apache/XMLBeans,https://github.com/apache/XMLBeans,True,True,0.03260869565,78.68996166,0.0,0.0,0.0,0.0,0.1189898518
251,zeppelin,1,https://github.com/apache/Zeppelin,https://github.com/apache/Zeppelin,True,True,54.64102564,32.59506999,0.011494,87.0,1.0,0.06611957796,0.06055542897
252,agila,2,https://github.com/apache/Agila,https://github.com/agilasverige/agilasverige_site,True,False,0.0,19.66395156,0.0,0.0,0.0,0.0,0.1240517223
253,alois,2,https://github.com/apache/Alois,https://github.com/logintas/alois,True,False,0.0,9.140963461,0.0,0.0,0.0,0.0,0.07692307692
254,altrmi,2,https://github.com/apache/AltRMI,https://github.com/apache/AltRMI,False,False,,,,,,,
255,ariatosca,2,https://github.com/apache/AriaTosca,https://github.com/apache/incubator-ariatosca,True,True,12.10526316,32.89364045,0.0,1.0,0.0,0.004347826087,0.1277404334
256,awf,2,https://github.com/apache/AWF,https://github.com/apache/AWF,False,False,,,,,,,
257,axion,2,https://github.com/apache/Axion,https://github.com/apache/ws-axiom,True,True,9.0,27.82648692,0.0,1.0,0.0,0.9938271605,0.09618497845
258,bluesky,2,https://github.com/apache/Bluesky,https://github.com/apache/Bluesky,False,False,,,,,,,
259,blur,2,https://github.com/apache/Blur,https://github.com/apache/incubator-retired-blur,True,True,0.6666666667,46.24531612,0.0,1.0,0.0,0.0,0.08302590275
260,cmda,2,https://github.com/apache/Climate Model Diagnostic Analyzer,https://github.com/apache/Climate Model Diagnostic Analyzer,False,False,,,,,,,
261,composer,2,https://github.com/apache/Composer,https://github.com/apache/openwhisk-composer,True,True,1.621621622,22.40140393,0.0,1.0,0.0,0.2333333333,0.07197576231
262,concerted,2,https://github.com/apache/Concerted,https://github.com/apache/incubator-retired-concerted,True,True,6.0,80.83059088,0.0,3.0,0.0,0.0,0.1654852659
263,corinthia,2,https://github.com/apache/Corinthia,https://github.com/apache/incubator-retired-corinthia,True,False,0.0,71.16411807,0.0,0.0,0.0,0.0,0.1601814252
264,cotton,2,https://github.com/apache/Cotton,https://github.com/apache/incubator-retired-cotton,True,False,0.0,15.69516113,0.0,0.0,0.0,0.0,0.0744047619
265,depot,2,https://github.com/apache/Depot,https://github.com/apache/Depot,False,False,,,,,,,
266,droids,2,https://github.com/apache/Droids,https://github.com/trickl/trickl-crawler,True,False,0.0,36.87066263,0.0,0.0,0.0,0.0,0.08968045113
267,gearpump,2,https://github.com/apache/Gearpump,https://github.com/gearpump/gearpump,True,True,14.79761905,35.39673838,0.0,91.0,0.0,0.659694288,0.05940360446
268,gossip,2,https://github.com/apache/Gossip,https://github.com/apache/incubator-retired-gossip,True,True,4.0,27.90443233,0.0,4.0,0.0,0.02777777778,0.09514055298
269,graffito,2,https://github.com/apache/Graffito,https://github.com/apache/Graffito,False,False,,,,,,,
270,hdt,2,https://github.com/apache/incubator-retired-hdt,https://github.com/apache/incubator-retired-hdt,True,True,1.0,21.95367485,0.0,1.0,0.0,0.0,0.4213406985
271,heraldry,2,https://github.com/apache/Heraldry,https://github.com/apache/Heraldry,False,False,,,,,,,
272,hise,2,https://github.com/apache/HISE,https://github.com/apache/HISE,False,False,,,,,,,
273,horn,2,https://github.com/apache/HORN,https://github.com/apache/incubator-retired-horn,True,True,2.0,52.94999734,0.0,1.0,0.0,0.0,0.277972583
274,htrace,2,https://github.com/apache/incubator-retired-htrace,https://github.com/apache/incubator-retired-htrace,True,True,0.8125,30.76690176,0.0,5.0,0.0,0.0,0.07194342894
275,imperius,2,https://github.com/apache/Imperius,https://github.com/apache/Imperius,False,False,,,,,,,
276,iota,2,https://github.com/apache/iota,https://github.com/apache/incubator-retired-iota,True,True,2.5,34.46719682,0.0,2.0,0.0,0.05714285714,0.1551275917
277,juice,2,https://github.com/apache/JuiCE,https://github.com/apache/JuiCE,False,False,,,,,,,
278,kabuki,2,https://github.com/apache/Kabuki,https://github.com/apache/Kabuki,False,False,,,,,,,
279,kalumet,2,https://github.com/apache/Kalumet,https://github.com/apache/Kalumet,True,False,0.0,73.11361497,0.0,0.0,0.0,0.0,0.2993861434
280,kato,2,https://github.com/apache/Kato,https://github.com/apache/Kato,False,False,,,,,,,
281,kitty,2,https://github.com/apache/Kitty,https://github.com/apache/Kitty,False,False,,,,,,,
282,lokahi,2,https://github.com/apache/Lokahi,https://github.com/apache/Lokahi,False,False,,,,,,,
283,lucene4c,2,https://github.com/apache/Lucene4c,https://github.com/apache/Lucene4c,False,False,,,,,,,
284,mrql,2,https://github.com/apache/MRQL,https://github.com/apache/incubator-retired-mrql,True,True,1.545454545,22.85745471,0.0,1.0,0.0,0.0,0.07558902468
285,nmaven,2,https://github.com/apache/NMaven,https://github.com/apache/maven,True,True,5.466019417,27.3405539,0.0,60.0,0.0,0.08756567426,0.08665974937
286,npanday,2,https://github.com/apache/NPanday,https://github.com/apache/NPanday,True,True,1.0,38.26193764,0.0,1.0,0.0,0.0,0.06161556175
287,odf,2,https://github.com/apache/ODFToolkit,https://github.com/apache/ODFToolkit,True,True,0.1363636364,162.5145876,0.0,3.0,0.0,0.0,0.1266171525
288,olio,2,https://github.com/apache/Olio,https://github.com/apache/Olio,False,False,,,,,,,
289,openaz,2,https://github.com/apache/OpenAz,https://github.com/apache/incubator-retired-openaz,True,True,0.6363636364,38.68555439,0.0,3.0,0.0,0.0,0.1312968713
290,photark,2,https://github.com/apache/PhotArk,https://github.com/apache/PhotArk,True,False,0.0,38.89969809,0.0,0.0,0.0,0.0,0.14014441
291,pirk,2,https://github.com/apache/Pirk,https://github.com/apache/incubator-retired-pirk,True,True,17.14285714,27.19749712,0.0,4.0,0.0,0.008333333333,0.06790267912
292,provisionr,2,https://github.com/apache/Provisionr,https://github.com/apache/incubator-retired-provisionr,True,False,0.0,21.8847028,0.0,0.0,0.0,0.0,0.1177789187
293,quickstep,2,https://github.com/apache/Quickstep,https://github.com/apache/incubator-retired-quickstep,True,True,12.06666667,59.15708383,0.0,4.0,0.0,0.1022099448,0.05717928748
294,rcf,2,https://github.com/apache/RCF,https://github.com/apache/RCF,False,False,,,,,,,
295,ripple,2,https://github.com/apache/Ripple,https://github.com/apache/incubator-retired-ripple,True,True,2.533333333,27.10461679,0.0,4.0,0.0,0.03947368421,0.05054368246
296,s4,2,https://github.com/apache/S4,https://github.com/apache/incubator-retired-s4,True,True,2.0,36.12457893,0.0,0.0,0.0,0.0,0.1412028388
297,sirona,2,https://github.com/apache/Sirona,https://github.com/apache/Sirona,True,True,0.09523809524,31.88360158,0.0,2.0,0.0,0.0,0.1186362676
298,slider,2,https://github.com/apache/Slider,https://github.com/apache/incubator-retired-slider,True,True,0.1818181818,25.31413176,0.0,6.0,0.0,0.0,0.05403453685
299,socialsite,2,https://github.com/apache/SocialSite,https://github.com/apache/SocialSite,False,False,,,,,,,
300,stonehenge,2,https://github.com/apache/Stonehenge,https://github.com/apache/Stonehenge,False,False,,,,,,,
301,tashi,2,https://github.com/apache/Tashi,https://github.com/apache/Tashi,True,True,0.1111111111,28.10703135,0.0,2.0,0.0,0.0,0.06863225666
302,triplesoup,2,https://github.com/apache/TripleSoup,https://github.com/apache/TripleSoup,False,False,,,,,,,
303,tsik,2,https://github.com/apache/TSIK,https://github.com/apache/TSIK,False,False,,,,,,,
304,wadi,2,https://github.com/apache/WADI,https://github.com/apache/WADI,False,False,,,,,,,
305,wave,2,https://github.com/apache/Wave,https://github.com/apache/incubator-retired-wave,True,True,0.5510204082,103.8907513,0.0,2.0,0.0,0.0,0.1095032483
306,wsrp4j,2,https://github.com/apache/WSRP4J,https://github.com/apache/WSRP4J,False,False,,,,,,,
307,xap,2,https://github.com/apache/XAP,https://github.com/xap/xap,True,True,2.516666667,20.82033441,0.0,20.0,0.0,0.08227848101,0.05665649194
308,xmlbeans-cxx,2,https://github.com/apache/XMLBeans/C++,https://github.com/apache/xmlbeans,False,True,,,0.0,0.0,0.0,0.0,0.1189898518
309,yoko,2,https://github.com/apache/Yoko,https://github.com/apache/geronimo-yoko,True,False,0.0,58.46841188,0.0,0.0,0.0,0.0,0.056206466
310,zeta,2,https://github.com/apache/ZetaComponents,https://github.com/apache/ZetaComponents,True,True,0.1739130435,65.19987088,0.0,1.0,0.0,0.0,0.128822397
311,zipkin,2,https://github.com/apache/Zipkin,https://github.com/apache/Zipkin,True,True,19.05405405,48.11366972,0.0,18.0,0.0,0.253427896,0.05298860434
